Datetime,Open,High,Low,Close,Symbol,Adj Close,Volume
2023-07-07 14:16:00+05:30,82.94999694824219,83.05000305175781,82.94999694824219,83.0,NATIONALUM,83.0,0
2023-07-07 14:17:00+05:30,82.94999694824219,83.05000305175781,82.94999694824219,83.05000305175781,NATIONALUM,83.05000305175781,5579
2023-07-07 14:18:00+05:30,83.0,83.05000305175781,82.94999694824219,82.94999694824219,NATIONALUM,82.94999694824219,434991
2023-07-07 14:19:00+05:30,82.94999694824219,83.0,82.94999694824219,82.94999694824219,NATIONALUM,82.94999694824219,25044
2023-07-07 14:20:00+05:30,83.0,83.0999984741211,82.94999694824219,83.0,NATIONALUM,83.0,19136
2023-07-07 14:21:00+05:30,83.0,83.0999984741211,82.94999694824219,82.94999694824219,NATIONALUM,82.94999694824219,46443
2023-07-07 14:22:00+05:30,82.94999694824219,83.0,82.94999694824219,82.94999694824219,NATIONALUM,82.94999694824219,6706
2023-07-07 14:23:00+05:30,82.94999694824219,83.0,82.94999694824219,83.0,NATIONALUM,83.0,18145
2023-07-07 14:24:00+05:30,82.94999694824219,83.0,82.94999694824219,83.0,NATIONALUM,83.0,5883
2023-07-07 14:25:00+05:30,83.0,83.0,82.94999694824219,83.0,NATIONALUM,83.0,28062
2023-07-07 14:26:00+05:30,83.0,83.0,82.94999694824219,82.94999694824219,NATIONALUM,82.94999694824219,65214
2023-07-07 14:27:00+05:30,82.94999694824219,82.94999694824219,82.94999694824219,82.94999694824219,NATIONALUM,82.94999694824219,6811
2023-07-07 14:28:00+05:30,82.94999694824219,83.0,82.94999694824219,82.94999694824219,NATIONALUM,82.94999694824219,4247
2023-07-07 14:29:00+05:30,82.94999694824219,83.0,82.94999694824219,83.0,NATIONALUM,83.0,8894
2023-07-07 14:30:00+05:30,83.05000305175781,83.05000305175781,83.0,83.0,NATIONALUM,83.0,16422
2023-07-07 14:31:00+05:30,83.0,83.0999984741211,83.0,83.0999984741211,NATIONALUM,83.0999984741211,11104
2023-07-07 14:32:00+05:30,83.0999984741211,83.1500015258789,83.0999984741211,83.0999984741211,NATIONALUM,83.0999984741211,14366
2023-07-07 14:33:00+05:30,83.0999984741211,83.0999984741211,82.94999694824219,82.94999694824219,NATIONALUM,82.94999694824219,175077
2023-07-07 14:34:00+05:30,82.94999694824219,83.0,82.94999694824219,82.94999694824219,NATIONALUM,82.94999694824219,23794
2023-07-07 14:35:00+05:30,82.94999694824219,83.0,82.94999694824219,82.94999694824219,NATIONALUM,82.94999694824219,9189
2023-07-07 14:36:00+05:30,83.0,83.0,82.94999694824219,82.94999694824219,NATIONALUM,82.94999694824219,11791
2023-07-07 14:37:00+05:30,82.94999694824219,83.0,82.94999694824219,82.94999694824219,NATIONALUM,82.94999694824219,9860
2023-07-07 14:38:00+05:30,82.94999694824219,83.0,82.94999694824219,82.94999694824219,NATIONALUM,82.94999694824219,60689
2023-07-07 14:39:00+05:30,82.94999694824219,83.0,82.94999694824219,82.94999694824219,NATIONALUM,82.94999694824219,26792
2023-07-07 14:40:00+05:30,82.94999694824219,83.0,82.94999694824219,82.94999694824219,NATIONALUM,82.94999694824219,21823
2023-07-07 14:41:00+05:30,83.0,83.0,82.9000015258789,82.94999694824219,NATIONALUM,82.94999694824219,55986
2023-07-07 14:42:00+05:30,82.94999694824219,83.0,82.94999694824219,82.94999694824219,NATIONALUM,82.94999694824219,54570
2023-07-07 14:43:00+05:30,82.94999694824219,83.05000305175781,82.94999694824219,82.94999694824219,NATIONALUM,82.94999694824219,56333
2023-07-07 14:44:00+05:30,82.94999694824219,83.0,82.94999694824219,82.94999694824219,NATIONALUM,82.94999694824219,47177
2023-07-07 14:45:00+05:30,83.0,83.0,82.94999694824219,83.0,NATIONALUM,83.0,75457
2023-07-07 14:46:00+05:30,82.94999694824219,83.1500015258789,82.94999694824219,83.1500015258789,NATIONALUM,83.1500015258789,61039
2023-07-07 14:47:00+05:30,83.1500015258789,83.19999694824219,83.0999984741211,83.0999984741211,NATIONALUM,83.0999984741211,15278
2023-07-07 14:48:00+05:30,83.1500015258789,83.19999694824219,83.0999984741211,83.1500015258789,NATIONALUM,83.1500015258789,7143
2023-07-07 14:49:00+05:30,83.0999984741211,83.25,83.0999984741211,83.19999694824219,NATIONALUM,83.19999694824219,30040
2023-07-07 14:50:00+05:30,83.19999694824219,83.25,83.19999694824219,83.19999694824219,NATIONALUM,83.19999694824219,17544
2023-07-07 14:51:00+05:30,83.1500015258789,83.19999694824219,83.0999984741211,83.0999984741211,NATIONALUM,83.0999984741211,13021
2023-07-07 14:52:00+05:30,83.0999984741211,83.19999694824219,83.0999984741211,83.0999984741211,NATIONALUM,83.0999984741211,19568
2023-07-07 14:53:00+05:30,83.1500015258789,83.19999694824219,83.0999984741211,83.0999984741211,NATIONALUM,83.0999984741211,13197
2023-07-07 14:54:00+05:30,83.1500015258789,83.19999694824219,83.0999984741211,83.1500015258789,NATIONALUM,83.1500015258789,30639
2023-07-07 14:55:00+05:30,83.1500015258789,83.19999694824219,83.05000305175781,83.05000305175781,NATIONALUM,83.05000305175781,44923
2023-07-07 14:56:00+05:30,83.1500015258789,83.25,83.0999984741211,83.19999694824219,NATIONALUM,83.19999694824219,127101
2023-07-07 14:57:00+05:30,83.19999694824219,83.25,83.19999694824219,83.19999694824219,NATIONALUM,83.19999694824219,7132
2023-07-07 14:58:00+05:30,83.19999694824219,83.25,83.19999694824219,83.19999694824219,NATIONALUM,83.19999694824219,10476
2023-07-07 14:59:00+05:30,83.19999694824219,83.25,83.19999694824219,83.19999694824219,NATIONALUM,83.19999694824219,6608
2023-07-07 15:00:00+05:30,83.19999694824219,83.30000305175781,83.1500015258789,83.1500015258789,NATIONALUM,83.1500015258789,95879
2023-07-07 15:01:00+05:30,83.1500015258789,83.19999694824219,83.0999984741211,83.1500015258789,NATIONALUM,83.1500015258789,32903
2023-07-07 15:02:00+05:30,83.0999984741211,83.1500015258789,83.0,83.0999984741211,NATIONALUM,83.0999984741211,52689
2023-07-07 15:03:00+05:30,83.05000305175781,83.0999984741211,83.0,83.0,NATIONALUM,83.0,47061
2023-07-07 15:04:00+05:30,83.05000305175781,83.05000305175781,83.0,83.0,NATIONALUM,83.0,19319
2023-07-07 15:05:00+05:30,83.0,83.05000305175781,83.0,83.0,NATIONALUM,83.0,41037
2023-07-07 15:06:00+05:30,83.05000305175781,83.05000305175781,82.94999694824219,83.0,NATIONALUM,83.0,29681
2023-07-07 15:07:00+05:30,83.0,83.0,82.9000015258789,82.9000015258789,NATIONALUM,82.9000015258789,46541
2023-07-07 15:08:00+05:30,82.9000015258789,83.05000305175781,82.9000015258789,83.05000305175781,NATIONALUM,83.05000305175781,103396
2023-07-07 15:09:00+05:30,83.0,83.05000305175781,83.0,83.05000305175781,NATIONALUM,83.05000305175781,7934
2023-07-07 15:10:00+05:30,83.0,83.0,82.9000015258789,83.0,NATIONALUM,83.0,75650
2023-07-07 15:11:00+05:30,83.0,83.05000305175781,83.0,83.0,NATIONALUM,83.0,4573
2023-07-07 15:12:00+05:30,82.9000015258789,82.94999694824219,82.9000015258789,82.94999694824219,NATIONALUM,82.94999694824219,57546
2023-07-07 15:13:00+05:30,82.9000015258789,82.94999694824219,82.80000305175781,82.8499984741211,NATIONALUM,82.8499984741211,79677
2023-07-07 15:14:00+05:30,82.80000305175781,83.0,82.80000305175781,83.0,NATIONALUM,83.0,73618
2023-07-07 15:15:00+05:30,82.94999694824219,82.94999694824219,82.8499984741211,82.8499984741211,NATIONALUM,82.8499984741211,59153
2023-07-07 15:16:00+05:30,82.8499984741211,82.94999694824219,82.8499984741211,82.94999694824219,NATIONALUM,82.94999694824219,49847
2023-07-07 15:17:00+05:30,82.9000015258789,83.0,82.9000015258789,82.9000015258789,NATIONALUM,82.9000015258789,11131
2023-07-07 15:18:00+05:30,82.9000015258789,82.94999694824219,82.8499984741211,82.9000015258789,NATIONALUM,82.9000015258789,41622
2023-07-07 15:19:00+05:30,82.9000015258789,82.9000015258789,82.8499984741211,82.9000015258789,NATIONALUM,82.9000015258789,19470
2023-07-07 15:20:00+05:30,82.9000015258789,82.9000015258789,82.8499984741211,82.9000015258789,NATIONALUM,82.9000015258789,24853
2023-07-07 15:21:00+05:30,82.9000015258789,82.9000015258789,82.80000305175781,82.8499984741211,NATIONALUM,82.8499984741211,15850
2023-07-07 15:22:00+05:30,82.9000015258789,82.9000015258789,82.80000305175781,82.8499984741211,NATIONALUM,82.8499984741211,29020
2023-07-07 15:23:00+05:30,82.80000305175781,82.8499984741211,82.80000305175781,82.8499984741211,NATIONALUM,82.8499984741211,10073
2023-07-07 15:24:00+05:30,82.8499984741211,82.8499984741211,82.75,82.75,NATIONALUM,82.75,229291
2023-07-07 15:25:00+05:30,82.69999694824219,82.75,82.69999694824219,82.69999694824219,NATIONALUM,82.69999694824219,40516
2023-07-07 15:26:00+05:30,82.69999694824219,82.75,82.69999694824219,82.75,NATIONALUM,82.75,78955
2023-07-07 15:27:00+05:30,82.75,82.75,82.69999694824219,82.75,NATIONALUM,82.75,48613
2023-07-07 15:28:00+05:30,82.75,82.8499984741211,82.75,82.8499984741211,NATIONALUM,82.8499984741211,51155
2023-07-07 15:29:00+05:30,82.8499984741211,82.94999694824219,82.8499984741211,82.8499984741211,NATIONALUM,82.8499984741211,49093
2023-07-10 09:15:00+05:30,83.0,83.0,82.69999694824219,82.75,NATIONALUM,82.75,0
2023-07-10 09:16:00+05:30,82.8499984741211,83.0999984741211,82.80000305175781,83.0999984741211,NATIONALUM,83.0999984741211,37691
2023-07-10 09:17:00+05:30,82.94999694824219,82.94999694824219,82.94999694824219,82.94999694824219,NATIONALUM,82.94999694824219,4744
2023-07-10 09:18:00+05:30,83.1500015258789,83.1500015258789,83.0999984741211,83.1500015258789,NATIONALUM,83.1500015258789,58030
2023-07-10 09:19:00+05:30,83.05000305175781,83.19999694824219,83.05000305175781,83.19999694824219,NATIONALUM,83.19999694824219,15307
2023-07-10 09:20:00+05:30,83.1500015258789,83.25,83.0999984741211,83.0999984741211,NATIONALUM,83.0999984741211,18507
2023-07-10 09:21:00+05:30,83.0999984741211,83.19999694824219,83.0999984741211,83.19999694824219,NATIONALUM,83.19999694824219,28565
2023-07-10 09:22:00+05:30,83.1500015258789,83.1500015258789,83.0,83.05000305175781,NATIONALUM,83.05000305175781,30358
2023-07-10 09:23:00+05:30,83.05000305175781,83.05000305175781,83.05000305175781,83.05000305175781,NATIONALUM,83.05000305175781,3766
2023-07-10 09:24:00+05:30,83.05000305175781,83.0999984741211,82.94999694824219,83.0999984741211,NATIONALUM,83.0999984741211,18806
2023-07-10 09:25:00+05:30,83.0999984741211,83.0999984741211,83.0,83.0999984741211,NATIONALUM,83.0999984741211,8205
2023-07-10 09:26:00+05:30,83.0999984741211,83.1500015258789,83.0999984741211,83.0999984741211,NATIONALUM,83.0999984741211,14885
2023-07-10 09:27:00+05:30,83.0999984741211,83.1500015258789,83.05000305175781,83.0999984741211,NATIONALUM,83.0999984741211,12179
2023-07-10 09:28:00+05:30,83.0999984741211,83.0999984741211,83.0,83.0999984741211,NATIONALUM,83.0999984741211,10965
2023-07-10 09:29:00+05:30,83.0999984741211,83.0999984741211,83.05000305175781,83.0999984741211,NATIONALUM,83.0999984741211,3772
2023-07-10 09:30:00+05:30,83.0999984741211,83.0999984741211,82.94999694824219,82.94999694824219,NATIONALUM,82.94999694824219,12940
2023-07-10 09:31:00+05:30,82.9000015258789,83.0,82.9000015258789,83.0,NATIONALUM,83.0,3213
2023-07-10 09:32:00+05:30,83.0,83.0999984741211,83.0,83.0999984741211,NATIONALUM,83.0999984741211,7303
2023-07-10 09:33:00+05:30,83.0999984741211,83.0999984741211,83.0,83.0,NATIONALUM,83.0,15899
2023-07-10 09:34:00+05:30,83.0,83.05000305175781,82.94999694824219,83.05000305175781,NATIONALUM,83.05000305175781,5704
2023-07-10 09:35:00+05:30,83.05000305175781,83.0999984741211,83.05000305175781,83.0999984741211,NATIONALUM,83.0999984741211,10594
2023-07-10 09:36:00+05:30,83.0999984741211,83.0999984741211,82.94999694824219,82.94999694824219,NATIONALUM,82.94999694824219,6198
2023-07-10 09:37:00+05:30,83.0,83.05000305175781,82.94999694824219,83.0,NATIONALUM,83.0,9328
2023-07-10 09:38:00+05:30,83.0,83.0,82.9000015258789,83.0,NATIONALUM,83.0,2905
2023-07-10 09:39:00+05:30,83.0,83.05000305175781,83.0,83.05000305175781,NATIONALUM,83.05000305175781,11638
2023-07-10 09:40:00+05:30,83.0,83.0,82.9000015258789,83.0,NATIONALUM,83.0,5782
2023-07-10 09:41:00+05:30,83.0,83.0,82.9000015258789,83.0,NATIONALUM,83.0,15711
2023-07-10 09:42:00+05:30,82.94999694824219,83.0,82.9000015258789,82.94999694824219,NATIONALUM,82.94999694824219,8474
2023-07-10 09:43:00+05:30,82.94999694824219,82.94999694824219,82.9000015258789,82.9000015258789,NATIONALUM,82.9000015258789,5153
2023-07-10 09:44:00+05:30,82.94999694824219,83.0,82.9000015258789,82.94999694824219,NATIONALUM,82.94999694824219,12025
2023-07-10 09:45:00+05:30,82.94999694824219,82.94999694824219,82.9000015258789,82.94999694824219,NATIONALUM,82.94999694824219,289
2023-07-10 09:46:00+05:30,82.94999694824219,83.0,82.94999694824219,82.94999694824219,NATIONALUM,82.94999694824219,5628
2023-07-10 09:47:00+05:30,82.94999694824219,83.05000305175781,82.94999694824219,83.0,NATIONALUM,83.0,7036
2023-07-10 09:48:00+05:30,83.05000305175781,83.0999984741211,83.0,83.0999984741211,NATIONALUM,83.0999984741211,4070
2023-07-10 09:49:00+05:30,83.05000305175781,83.0999984741211,83.0,83.05000305175781,NATIONALUM,83.05000305175781,0
2023-07-10 09:50:00+05:30,83.0999984741211,83.0999984741211,83.0,83.05000305175781,NATIONALUM,83.05000305175781,4091
2023-07-10 09:51:00+05:30,83.05000305175781,83.0999984741211,83.05000305175781,83.05000305175781,NATIONALUM,83.05000305175781,2552
2023-07-10 09:52:00+05:30,83.05000305175781,83.0999984741211,83.05000305175781,83.0999984741211,NATIONALUM,83.0999984741211,3002
2023-07-10 09:53:00+05:30,83.05000305175781,83.0999984741211,83.05000305175781,83.0999984741211,NATIONALUM,83.0999984741211,6209
2023-07-10 09:54:00+05:30,83.0,83.0999984741211,83.0,83.05000305175781,NATIONALUM,83.05000305175781,10872
2023-07-10 09:55:00+05:30,83.05000305175781,83.05000305175781,83.0,83.05000305175781,NATIONALUM,83.05000305175781,2572
2023-07-10 09:56:00+05:30,83.05000305175781,83.05000305175781,83.0,83.05000305175781,NATIONALUM,83.05000305175781,5027
2023-07-10 09:57:00+05:30,83.0,83.05000305175781,83.0,83.0,NATIONALUM,83.0,2611
2023-07-10 09:58:00+05:30,83.0999984741211,83.1500015258789,83.05000305175781,83.0999984741211,NATIONALUM,83.0999984741211,13898
2023-07-10 09:59:00+05:30,83.0999984741211,83.0999984741211,82.94999694824219,82.94999694824219,NATIONALUM,82.94999694824219,14791
2023-07-10 10:00:00+05:30,83.0,83.05000305175781,82.94999694824219,83.05000305175781,NATIONALUM,83.05000305175781,5962
2023-07-10 10:01:00+05:30,83.05000305175781,83.05000305175781,83.0,83.0,NATIONALUM,83.0,2368
2023-07-10 10:02:00+05:30,83.0,83.0,82.94999694824219,83.0,NATIONALUM,83.0,5680
2023-07-10 10:03:00+05:30,83.0,83.0,83.0,83.0,NATIONALUM,83.0,4819
2023-07-10 10:04:00+05:30,82.94999694824219,83.0,82.94999694824219,83.0,NATIONALUM,83.0,3343
2023-07-10 10:05:00+05:30,83.0999984741211,83.19999694824219,83.0999984741211,83.19999694824219,NATIONALUM,83.19999694824219,42441
2023-07-10 10:06:00+05:30,83.25,83.4000015258789,83.25,83.3499984741211,NATIONALUM,83.3499984741211,62211
2023-07-10 10:07:00+05:30,83.4000015258789,83.55000305175781,83.3499984741211,83.55000305175781,NATIONALUM,83.55000305175781,59523
2023-07-10 10:08:00+05:30,83.5,83.5,83.44999694824219,83.5,NATIONALUM,83.5,13758
2023-07-10 10:09:00+05:30,83.6500015258789,83.6500015258789,83.55000305175781,83.5999984741211,NATIONALUM,83.5999984741211,55690
2023-07-10 10:10:00+05:30,83.6500015258789,83.6500015258789,83.5999984741211,83.6500015258789,NATIONALUM,83.6500015258789,27714
2023-07-10 10:11:00+05:30,83.75,83.8499984741211,83.6500015258789,83.6500015258789,NATIONALUM,83.6500015258789,67631
2023-07-10 10:12:00+05:30,83.5999984741211,83.75,83.5999984741211,83.75,NATIONALUM,83.75,12315
2023-07-10 10:13:00+05:30,83.75,83.8499984741211,83.5999984741211,83.75,NATIONALUM,83.75,39078
2023-07-10 10:14:00+05:30,83.80000305175781,83.80000305175781,83.6500015258789,83.6500015258789,NATIONALUM,83.6500015258789,12615
2023-07-10 10:15:00+05:30,83.69999694824219,83.69999694824219,83.5999984741211,83.5999984741211,NATIONALUM,83.5999984741211,31396
2023-07-10 10:16:00+05:30,83.6500015258789,83.69999694824219,83.5999984741211,83.6500015258789,NATIONALUM,83.6500015258789,22075
2023-07-10 10:17:00+05:30,83.6500015258789,83.69999694824219,83.6500015258789,83.6500015258789,NATIONALUM,83.6500015258789,7525
2023-07-10 10:18:00+05:30,83.6500015258789,83.6500015258789,83.5999984741211,83.5999984741211,NATIONALUM,83.5999984741211,8367
2023-07-10 10:19:00+05:30,83.5999984741211,83.6500015258789,83.5,83.55000305175781,NATIONALUM,83.55000305175781,23388
2023-07-10 10:20:00+05:30,83.5,83.5999984741211,83.5,83.5999984741211,NATIONALUM,83.5999984741211,20551
2023-07-10 10:21:00+05:30,83.5999984741211,83.5999984741211,83.5,83.5999984741211,NATIONALUM,83.5999984741211,34009
2023-07-10 10:22:00+05:30,83.6500015258789,83.75,83.6500015258789,83.75,NATIONALUM,83.75,55730
2023-07-10 10:23:00+05:30,83.80000305175781,83.80000305175781,83.5999984741211,83.75,NATIONALUM,83.75,69588
2023-07-10 10:24:00+05:30,83.75,83.80000305175781,83.69999694824219,83.75,NATIONALUM,83.75,26199
2023-07-10 10:25:00+05:30,83.75,83.8499984741211,83.69999694824219,83.8499984741211,NATIONALUM,83.8499984741211,75976
2023-07-10 10:26:00+05:30,83.9000015258789,83.94999694824219,83.80000305175781,83.80000305175781,NATIONALUM,83.80000305175781,114986
2023-07-10 10:27:00+05:30,83.80000305175781,83.8499984741211,83.69999694824219,83.8499984741211,NATIONALUM,83.8499984741211,10288
2023-07-10 10:28:00+05:30,83.8499984741211,83.8499984741211,83.75,83.80000305175781,NATIONALUM,83.80000305175781,5898
2023-07-10 10:29:00+05:30,83.80000305175781,83.80000305175781,83.69999694824219,83.80000305175781,NATIONALUM,83.80000305175781,3599
2023-07-10 10:30:00+05:30,83.6500015258789,83.75,83.6500015258789,83.69999694824219,NATIONALUM,83.69999694824219,14474
2023-07-10 10:31:00+05:30,83.75,83.75,83.69999694824219,83.75,NATIONALUM,83.75,5720
2023-07-10 10:32:00+05:30,83.69999694824219,83.69999694824219,83.5999984741211,83.5999984741211,NATIONALUM,83.5999984741211,10029
2023-07-10 10:33:00+05:30,83.6500015258789,83.6500015258789,83.55000305175781,83.5999984741211,NATIONALUM,83.5999984741211,10340
2023-07-10 10:34:00+05:30,83.55000305175781,83.5999984741211,83.5,83.5999984741211,NATIONALUM,83.5999984741211,11365
2023-07-10 10:35:00+05:30,83.5999984741211,83.5999984741211,83.5,83.5,NATIONALUM,83.5,9602
2023-07-10 10:36:00+05:30,83.5999984741211,83.6500015258789,83.55000305175781,83.6500015258789,NATIONALUM,83.6500015258789,7475
2023-07-10 10:37:00+05:30,83.6500015258789,83.6500015258789,83.55000305175781,83.55000305175781,NATIONALUM,83.55000305175781,1071
2023-07-10 10:38:00+05:30,83.55000305175781,83.5999984741211,83.55000305175781,83.55000305175781,NATIONALUM,83.55000305175781,1597
2023-07-10 10:39:00+05:30,83.5999984741211,83.5999984741211,83.55000305175781,83.55000305175781,NATIONALUM,83.55000305175781,1027
2023-07-10 10:40:00+05:30,83.5999984741211,83.5999984741211,83.55000305175781,83.55000305175781,NATIONALUM,83.55000305175781,1449
2023-07-10 10:41:00+05:30,83.5999984741211,83.6500015258789,83.5999984741211,83.5999984741211,NATIONALUM,83.5999984741211,14780
2023-07-10 10:42:00+05:30,83.5999984741211,83.6500015258789,83.55000305175781,83.6500015258789,NATIONALUM,83.6500015258789,20287
2023-07-10 10:43:00+05:30,83.69999694824219,83.9000015258789,83.6500015258789,83.9000015258789,NATIONALUM,83.9000015258789,38013
2023-07-10 10:44:00+05:30,83.9000015258789,83.9000015258789,83.8499984741211,83.8499984741211,NATIONALUM,83.8499984741211,14751
2023-07-10 10:45:00+05:30,83.8499984741211,84.0,83.8499984741211,84.0,NATIONALUM,84.0,114617
2023-07-10 10:46:00+05:30,84.0,84.1500015258789,83.94999694824219,84.1500015258789,NATIONALUM,84.1500015258789,64539
2023-07-10 10:47:00+05:30,84.1500015258789,84.25,84.0999984741211,84.19999694824219,NATIONALUM,84.19999694824219,54204
2023-07-10 10:48:00+05:30,84.19999694824219,84.19999694824219,84.0999984741211,84.0999984741211,NATIONALUM,84.0999984741211,7787
2023-07-10 10:49:00+05:30,84.0999984741211,84.1500015258789,84.05000305175781,84.1500015258789,NATIONALUM,84.1500015258789,33555
2023-07-10 10:50:00+05:30,84.1500015258789,84.30000305175781,84.1500015258789,84.30000305175781,NATIONALUM,84.30000305175781,221367
2023-07-10 10:51:00+05:30,84.30000305175781,84.44999694824219,84.30000305175781,84.3499984741211,NATIONALUM,84.3499984741211,99081
2023-07-10 10:52:00+05:30,84.30000305175781,84.3499984741211,84.30000305175781,84.3499984741211,NATIONALUM,84.3499984741211,10637
2023-07-10 10:53:00+05:30,84.3499984741211,84.3499984741211,84.30000305175781,84.3499984741211,NATIONALUM,84.3499984741211,19167
2023-07-10 10:54:00+05:30,84.3499984741211,84.3499984741211,84.1500015258789,84.1500015258789,NATIONALUM,84.1500015258789,8970
2023-07-10 10:55:00+05:30,84.25,84.25,84.1500015258789,84.25,NATIONALUM,84.25,19674
2023-07-10 10:56:00+05:30,84.25,84.25,84.1500015258789,84.1500015258789,NATIONALUM,84.1500015258789,9829
2023-07-10 10:57:00+05:30,84.19999694824219,84.3499984741211,84.1500015258789,84.3499984741211,NATIONALUM,84.3499984741211,70744
2023-07-10 10:58:00+05:30,84.30000305175781,84.3499984741211,84.25,84.3499984741211,NATIONALUM,84.3499984741211,4125
2023-07-10 10:59:00+05:30,84.30000305175781,84.3499984741211,84.25,84.3499984741211,NATIONALUM,84.3499984741211,4398
2023-07-10 11:00:00+05:30,84.3499984741211,84.3499984741211,84.25,84.25,NATIONALUM,84.25,18359
2023-07-10 11:01:00+05:30,84.30000305175781,84.5,84.30000305175781,84.3499984741211,NATIONALUM,84.3499984741211,114544
2023-07-10 11:02:00+05:30,84.4000015258789,84.44999694824219,84.30000305175781,84.30000305175781,NATIONALUM,84.30000305175781,11334
2023-07-10 11:03:00+05:30,84.3499984741211,84.3499984741211,84.25,84.3499984741211,NATIONALUM,84.3499984741211,29258
2023-07-10 11:04:00+05:30,84.30000305175781,84.4000015258789,84.30000305175781,84.4000015258789,NATIONALUM,84.4000015258789,12972
2023-07-10 11:05:00+05:30,84.3499984741211,84.3499984741211,84.30000305175781,84.3499984741211,NATIONALUM,84.3499984741211,25843
2023-07-10 11:06:00+05:30,84.30000305175781,84.30000305175781,84.25,84.25,NATIONALUM,84.25,5049
2023-07-10 11:07:00+05:30,84.25,84.25,84.19999694824219,84.25,NATIONALUM,84.25,2400
2023-07-10 11:08:00+05:30,84.19999694824219,84.19999694824219,84.1500015258789,84.1500015258789,NATIONALUM,84.1500015258789,14359
2023-07-10 11:09:00+05:30,84.19999694824219,84.25,84.1500015258789,84.1500015258789,NATIONALUM,84.1500015258789,7035
2023-07-10 11:10:00+05:30,84.25,84.25,84.0999984741211,84.0999984741211,NATIONALUM,84.0999984741211,14075
2023-07-10 11:11:00+05:30,84.25,84.25,84.1500015258789,84.25,NATIONALUM,84.25,21683
2023-07-10 11:12:00+05:30,84.19999694824219,84.25,84.19999694824219,84.19999694824219,NATIONALUM,84.19999694824219,5175
2023-07-10 11:13:00+05:30,84.1500015258789,84.1500015258789,84.05000305175781,84.05000305175781,NATIONALUM,84.05000305175781,16853
2023-07-10 11:14:00+05:30,84.05000305175781,84.0999984741211,84.0,84.05000305175781,NATIONALUM,84.05000305175781,32535
2023-07-10 11:15:00+05:30,84.0999984741211,84.0999984741211,83.9000015258789,83.9000015258789,NATIONALUM,83.9000015258789,58833
2023-07-10 11:16:00+05:30,83.8499984741211,83.9000015258789,83.75,83.8499984741211,NATIONALUM,83.8499984741211,54805
2023-07-10 11:17:00+05:30,83.8499984741211,83.8499984741211,83.75,83.75,NATIONALUM,83.75,19207
2023-07-10 11:18:00+05:30,83.75,83.80000305175781,83.69999694824219,83.69999694824219,NATIONALUM,83.69999694824219,11226
2023-07-10 11:19:00+05:30,83.69999694824219,83.80000305175781,83.69999694824219,83.80000305175781,NATIONALUM,83.80000305175781,18649
2023-07-10 11:20:00+05:30,83.69999694824219,84.0,83.69999694824219,84.0,NATIONALUM,84.0,50859
2023-07-10 11:21:00+05:30,84.0,84.25,84.0,84.25,NATIONALUM,84.25,74013
2023-07-10 11:22:00+05:30,84.25,84.3499984741211,84.0999984741211,84.19999694824219,NATIONALUM,84.19999694824219,60117
2023-07-10 11:23:00+05:30,84.1500015258789,84.19999694824219,84.1500015258789,84.19999694824219,NATIONALUM,84.19999694824219,3806
2023-07-10 11:24:00+05:30,84.19999694824219,84.19999694824219,84.1500015258789,84.19999694824219,NATIONALUM,84.19999694824219,13334
2023-07-10 11:25:00+05:30,84.1500015258789,84.19999694824219,84.05000305175781,84.05000305175781,NATIONALUM,84.05000305175781,10276
2023-07-10 11:26:00+05:30,84.1500015258789,84.1500015258789,84.0,84.0999984741211,NATIONALUM,84.0999984741211,5024
2023-07-10 11:27:00+05:30,84.05000305175781,84.0999984741211,84.0,84.0,NATIONALUM,84.0,6748
2023-07-10 11:28:00+05:30,84.05000305175781,84.05000305175781,83.9000015258789,83.9000015258789,NATIONALUM,83.9000015258789,5802
2023-07-10 11:29:00+05:30,83.9000015258789,83.94999694824219,83.80000305175781,83.9000015258789,NATIONALUM,83.9000015258789,14102
2023-07-10 11:30:00+05:30,83.80000305175781,83.9000015258789,83.80000305175781,83.8499984741211,NATIONALUM,83.8499984741211,13038
2023-07-10 11:31:00+05:30,83.8499984741211,83.9000015258789,83.80000305175781,83.80000305175781,NATIONALUM,83.80000305175781,4369
2023-07-10 11:32:00+05:30,83.8499984741211,83.94999694824219,83.8499984741211,83.94999694824219,NATIONALUM,83.94999694824219,4238
2023-07-10 11:33:00+05:30,83.94999694824219,83.94999694824219,83.8499984741211,83.9000015258789,NATIONALUM,83.9000015258789,8513
2023-07-10 11:34:00+05:30,83.94999694824219,83.94999694824219,83.80000305175781,83.8499984741211,NATIONALUM,83.8499984741211,4798
2023-07-10 11:35:00+05:30,83.80000305175781,83.9000015258789,83.80000305175781,83.8499984741211,NATIONALUM,83.8499984741211,2710
2023-07-10 11:36:00+05:30,83.8499984741211,83.8499984741211,83.80000305175781,83.80000305175781,NATIONALUM,83.80000305175781,10717
2023-07-10 11:37:00+05:30,83.75,83.9000015258789,83.75,83.80000305175781,NATIONALUM,83.80000305175781,16827
2023-07-10 11:38:00+05:30,83.75,83.80000305175781,83.75,83.75,NATIONALUM,83.75,22808
2023-07-10 11:39:00+05:30,83.75,83.75,83.5999984741211,83.6500015258789,NATIONALUM,83.6500015258789,21553
2023-07-10 11:40:00+05:30,83.55000305175781,83.6500015258789,83.55000305175781,83.55000305175781,NATIONALUM,83.55000305175781,5925
2023-07-10 11:41:00+05:30,83.55000305175781,83.6500015258789,83.55000305175781,83.6500015258789,NATIONALUM,83.6500015258789,10261
2023-07-10 11:42:00+05:30,83.55000305175781,83.6500015258789,83.55000305175781,83.55000305175781,NATIONALUM,83.55000305175781,18779
2023-07-10 11:43:00+05:30,83.55000305175781,83.6500015258789,83.55000305175781,83.6500015258789,NATIONALUM,83.6500015258789,7999
2023-07-10 11:44:00+05:30,83.55000305175781,83.6500015258789,83.55000305175781,83.55000305175781,NATIONALUM,83.55000305175781,7151
2023-07-10 11:45:00+05:30,83.55000305175781,83.75,83.55000305175781,83.75,NATIONALUM,83.75,18175
2023-07-10 11:46:00+05:30,83.75,83.80000305175781,83.75,83.75,NATIONALUM,83.75,9492
2023-07-10 11:47:00+05:30,83.80000305175781,83.80000305175781,83.80000305175781,83.80000305175781,NATIONALUM,83.80000305175781,14178
2023-07-10 11:48:00+05:30,83.80000305175781,83.80000305175781,83.6500015258789,83.75,NATIONALUM,83.75,10047
2023-07-10 11:49:00+05:30,83.6500015258789,83.80000305175781,83.5999984741211,83.75,NATIONALUM,83.75,11593
2023-07-10 11:50:00+05:30,83.75,83.80000305175781,83.69999694824219,83.75,NATIONALUM,83.75,5716
2023-07-10 11:51:00+05:30,83.69999694824219,83.8499984741211,83.69999694824219,83.75,NATIONALUM,83.75,16610
2023-07-10 11:52:00+05:30,83.75,83.8499984741211,83.75,83.80000305175781,NATIONALUM,83.80000305175781,5866
2023-07-10 11:53:00+05:30,83.80000305175781,83.80000305175781,83.69999694824219,83.69999694824219,NATIONALUM,83.69999694824219,48172
2023-07-10 11:54:00+05:30,83.69999694824219,83.69999694824219,83.5999984741211,83.5999984741211,NATIONALUM,83.5999984741211,17061
2023-07-10 11:55:00+05:30,83.5999984741211,83.6500015258789,83.5999984741211,83.6500015258789,NATIONALUM,83.6500015258789,4251
2023-07-10 11:56:00+05:30,83.55000305175781,83.6500015258789,83.55000305175781,83.5999984741211,NATIONALUM,83.5999984741211,4095
2023-07-10 11:57:00+05:30,83.5999984741211,83.6500015258789,83.55000305175781,83.6500015258789,NATIONALUM,83.6500015258789,3778
2023-07-10 11:58:00+05:30,83.6500015258789,83.69999694824219,83.55000305175781,83.5999984741211,NATIONALUM,83.5999984741211,17830
2023-07-10 11:59:00+05:30,83.55000305175781,83.6500015258789,83.55000305175781,83.5999984741211,NATIONALUM,83.5999984741211,5879
2023-07-10 12:00:00+05:30,83.5999984741211,83.6500015258789,83.5999984741211,83.5999984741211,NATIONALUM,83.5999984741211,401
2023-07-10 12:01:00+05:30,83.5999984741211,83.6500015258789,83.5999984741211,83.5999984741211,NATIONALUM,83.5999984741211,5058
2023-07-10 12:02:00+05:30,83.5999984741211,83.6500015258789,83.55000305175781,83.55000305175781,NATIONALUM,83.55000305175781,9566
2023-07-10 12:03:00+05:30,83.55000305175781,83.6500015258789,83.55000305175781,83.5999984741211,NATIONALUM,83.5999984741211,11477
2023-07-10 12:04:00+05:30,83.6500015258789,83.6500015258789,83.5999984741211,83.5999984741211,NATIONALUM,83.5999984741211,10094
2023-07-10 12:05:00+05:30,83.6500015258789,83.6500015258789,83.44999694824219,83.5,NATIONALUM,83.5,67803
2023-07-10 12:06:00+05:30,83.44999694824219,83.44999694824219,83.4000015258789,83.44999694824219,NATIONALUM,83.44999694824219,10288
2023-07-10 12:07:00+05:30,83.4000015258789,83.5,83.4000015258789,83.4000015258789,NATIONALUM,83.4000015258789,34846
2023-07-10 12:08:00+05:30,83.3499984741211,83.44999694824219,83.3499984741211,83.44999694824219,NATIONALUM,83.44999694824219,5947
2023-07-10 12:09:00+05:30,83.44999694824219,83.44999694824219,83.3499984741211,83.4000015258789,NATIONALUM,83.4000015258789,12483
2023-07-10 12:10:00+05:30,83.3499984741211,83.4000015258789,83.30000305175781,83.3499984741211,NATIONALUM,83.3499984741211,54441
2023-07-10 12:11:00+05:30,83.3499984741211,83.4000015258789,83.3499984741211,83.4000015258789,NATIONALUM,83.4000015258789,4800
2023-07-10 12:12:00+05:30,83.3499984741211,83.5,83.3499984741211,83.5,NATIONALUM,83.5,20045
2023-07-10 12:13:00+05:30,83.44999694824219,83.5,83.4000015258789,83.44999694824219,NATIONALUM,83.44999694824219,10938
2023-07-10 12:14:00+05:30,83.44999694824219,83.5,83.4000015258789,83.44999694824219,NATIONALUM,83.44999694824219,4594
2023-07-10 12:15:00+05:30,83.4000015258789,83.44999694824219,83.4000015258789,83.44999694824219,NATIONALUM,83.44999694824219,3253
2023-07-10 12:16:00+05:30,83.44999694824219,83.5,83.4000015258789,83.5,NATIONALUM,83.5,8666
2023-07-10 12:17:00+05:30,83.44999694824219,83.5,83.4000015258789,83.5,NATIONALUM,83.5,7790
2023-07-10 12:18:00+05:30,83.4000015258789,83.5,83.4000015258789,83.5,NATIONALUM,83.5,125
2023-07-10 12:19:00+05:30,83.5,83.55000305175781,83.44999694824219,83.5,NATIONALUM,83.5,4321
2023-07-10 12:20:00+05:30,83.55000305175781,83.55000305175781,83.5,83.55000305175781,NATIONALUM,83.55000305175781,7027
2023-07-10 12:21:00+05:30,83.5999984741211,83.69999694824219,83.5999984741211,83.6500015258789,NATIONALUM,83.6500015258789,9745
2023-07-10 12:22:00+05:30,83.6500015258789,83.69999694824219,83.5999984741211,83.5999984741211,NATIONALUM,83.5999984741211,6921
2023-07-10 12:23:00+05:30,83.5999984741211,83.69999694824219,83.5999984741211,83.69999694824219,NATIONALUM,83.69999694824219,23017
2023-07-10 12:24:00+05:30,83.75,83.75,83.55000305175781,83.55000305175781,NATIONALUM,83.55000305175781,23202
2023-07-10 12:25:00+05:30,83.55000305175781,83.6500015258789,83.55000305175781,83.55000305175781,NATIONALUM,83.55000305175781,10604
2023-07-10 12:26:00+05:30,83.55000305175781,83.55000305175781,83.44999694824219,83.44999694824219,NATIONALUM,83.44999694824219,45257
2023-07-10 12:27:00+05:30,83.5,83.5,83.44999694824219,83.44999694824219,NATIONALUM,83.44999694824219,50705
2023-07-10 12:28:00+05:30,83.44999694824219,83.55000305175781,83.44999694824219,83.55000305175781,NATIONALUM,83.55000305175781,3381
2023-07-10 12:29:00+05:30,83.44999694824219,83.55000305175781,83.44999694824219,83.55000305175781,NATIONALUM,83.55000305175781,3551
2023-07-10 12:30:00+05:30,83.44999694824219,83.5999984741211,83.44999694824219,83.55000305175781,NATIONALUM,83.55000305175781,7606
2023-07-10 12:31:00+05:30,83.55000305175781,83.5999984741211,83.5,83.5999984741211,NATIONALUM,83.5999984741211,3439
2023-07-10 12:32:00+05:30,83.5,83.5999984741211,83.5,83.5,NATIONALUM,83.5,4662
2023-07-10 12:33:00+05:30,83.5,83.5999984741211,83.5,83.5999984741211,NATIONALUM,83.5999984741211,5665
2023-07-10 12:34:00+05:30,83.55000305175781,83.5999984741211,83.55000305175781,83.5999984741211,NATIONALUM,83.5999984741211,3228
2023-07-10 12:35:00+05:30,83.55000305175781,83.5999984741211,83.5,83.5,NATIONALUM,83.5,3980
2023-07-10 12:36:00+05:30,83.55000305175781,83.5999984741211,83.5,83.55000305175781,NATIONALUM,83.55000305175781,3730
2023-07-10 12:37:00+05:30,83.5,83.5,83.44999694824219,83.44999694824219,NATIONALUM,83.44999694824219,19400
2023-07-10 12:38:00+05:30,83.44999694824219,83.5,83.44999694824219,83.5,NATIONALUM,83.5,5570
2023-07-10 12:39:00+05:30,83.44999694824219,83.44999694824219,83.44999694824219,83.44999694824219,NATIONALUM,83.44999694824219,515
2023-07-10 12:40:00+05:30,83.55000305175781,83.55000305175781,83.5,83.55000305175781,NATIONALUM,83.55000305175781,35582
2023-07-10 12:41:00+05:30,83.55000305175781,83.55000305175781,83.44999694824219,83.55000305175781,NATIONALUM,83.55000305175781,10688
2023-07-10 12:42:00+05:30,83.55000305175781,83.5999984741211,83.44999694824219,83.55000305175781,NATIONALUM,83.55000305175781,6709
2023-07-10 12:43:00+05:30,83.5999984741211,83.5999984741211,83.4000015258789,83.4000015258789,NATIONALUM,83.4000015258789,11144
2023-07-10 12:44:00+05:30,83.4000015258789,83.44999694824219,83.3499984741211,83.3499984741211,NATIONALUM,83.3499984741211,6812
2023-07-10 12:45:00+05:30,83.3499984741211,83.4000015258789,83.3499984741211,83.3499984741211,NATIONALUM,83.3499984741211,3359
2023-07-10 12:46:00+05:30,83.3499984741211,83.44999694824219,83.3499984741211,83.44999694824219,NATIONALUM,83.44999694824219,4788
2023-07-10 12:47:00+05:30,83.44999694824219,83.44999694824219,83.3499984741211,83.44999694824219,NATIONALUM,83.44999694824219,9867
2023-07-10 12:48:00+05:30,83.4000015258789,83.4000015258789,83.3499984741211,83.3499984741211,NATIONALUM,83.3499984741211,4035
2023-07-10 12:49:00+05:30,83.44999694824219,83.55000305175781,83.3499984741211,83.55000305175781,NATIONALUM,83.55000305175781,14960
2023-07-10 12:50:00+05:30,83.5,83.5999984741211,83.5,83.5,NATIONALUM,83.5,29389
2023-07-10 12:51:00+05:30,83.5,83.5999984741211,83.5,83.5,NATIONALUM,83.5,7374
2023-07-10 12:52:00+05:30,83.5999984741211,83.5999984741211,83.5,83.5999984741211,NATIONALUM,83.5999984741211,8343
2023-07-10 12:53:00+05:30,83.55000305175781,83.6500015258789,83.55000305175781,83.5999984741211,NATIONALUM,83.5999984741211,13082
2023-07-10 12:54:00+05:30,83.6500015258789,83.6500015258789,83.55000305175781,83.55000305175781,NATIONALUM,83.55000305175781,8385
2023-07-10 12:55:00+05:30,83.5999984741211,83.6500015258789,83.55000305175781,83.55000305175781,NATIONALUM,83.55000305175781,4088
2023-07-10 12:56:00+05:30,83.5999984741211,83.5999984741211,83.55000305175781,83.5999984741211,NATIONALUM,83.5999984741211,4966
2023-07-10 12:57:00+05:30,83.5999984741211,83.5999984741211,83.5,83.5,NATIONALUM,83.5,10732
2023-07-10 12:58:00+05:30,83.5999984741211,83.5999984741211,83.5,83.5,NATIONALUM,83.5,4300
2023-07-10 12:59:00+05:30,83.5,83.5,83.4000015258789,83.5,NATIONALUM,83.5,11650
2023-07-10 13:00:00+05:30,83.5,83.55000305175781,83.5,83.55000305175781,NATIONALUM,83.55000305175781,2340
2023-07-10 13:01:00+05:30,83.44999694824219,83.55000305175781,83.44999694824219,83.55000305175781,NATIONALUM,83.55000305175781,2515
2023-07-10 13:02:00+05:30,83.55000305175781,83.5999984741211,83.44999694824219,83.44999694824219,NATIONALUM,83.44999694824219,29022
2023-07-10 13:03:00+05:30,83.44999694824219,83.55000305175781,83.44999694824219,83.5,NATIONALUM,83.5,2431
2023-07-10 13:04:00+05:30,83.44999694824219,83.5,83.44999694824219,83.44999694824219,NATIONALUM,83.44999694824219,9522
2023-07-10 13:05:00+05:30,83.44999694824219,83.5,83.44999694824219,83.44999694824219,NATIONALUM,83.44999694824219,6182
2023-07-10 13:06:00+05:30,83.44999694824219,83.55000305175781,83.44999694824219,83.5,NATIONALUM,83.5,4571
2023-07-10 13:07:00+05:30,83.5,83.55000305175781,83.44999694824219,83.55000305175781,NATIONALUM,83.55000305175781,6547
2023-07-10 13:08:00+05:30,83.5,83.5999984741211,83.44999694824219,83.5999984741211,NATIONALUM,83.5999984741211,29086
2023-07-10 13:09:00+05:30,83.5999984741211,83.6500015258789,83.55000305175781,83.6500015258789,NATIONALUM,83.6500015258789,6412
2023-07-10 13:10:00+05:30,83.55000305175781,83.6500015258789,83.55000305175781,83.6500015258789,NATIONALUM,83.6500015258789,7131
2023-07-10 13:11:00+05:30,83.5999984741211,83.69999694824219,83.5999984741211,83.69999694824219,NATIONALUM,83.69999694824219,4282
2023-07-10 13:12:00+05:30,83.6500015258789,83.75,83.6500015258789,83.75,NATIONALUM,83.75,14137
2023-07-10 13:13:00+05:30,83.75,83.75,83.69999694824219,83.69999694824219,NATIONALUM,83.69999694824219,9487
2023-07-10 13:14:00+05:30,83.75,83.75,83.6500015258789,83.75,NATIONALUM,83.75,17496
2023-07-10 13:15:00+05:30,83.8499984741211,83.8499984741211,83.75,83.80000305175781,NATIONALUM,83.80000305175781,30249
2023-07-10 13:16:00+05:30,83.75,83.80000305175781,83.75,83.80000305175781,NATIONALUM,83.80000305175781,627
2023-07-10 13:17:00+05:30,83.80000305175781,83.80000305175781,83.75,83.80000305175781,NATIONALUM,83.80000305175781,12375
2023-07-10 13:18:00+05:30,83.8499984741211,83.8499984741211,83.75,83.80000305175781,NATIONALUM,83.80000305175781,11202
2023-07-10 13:19:00+05:30,83.75,83.80000305175781,83.75,83.75,NATIONALUM,83.75,6895
2023-07-10 13:20:00+05:30,83.75,83.75,83.69999694824219,83.75,NATIONALUM,83.75,3074
2023-07-10 13:21:00+05:30,83.69999694824219,83.75,83.69999694824219,83.75,NATIONALUM,83.75,4854
2023-07-10 13:22:00+05:30,83.69999694824219,83.75,83.6500015258789,83.6500015258789,NATIONALUM,83.6500015258789,6230
2023-07-10 13:23:00+05:30,83.6500015258789,83.69999694824219,83.6500015258789,83.6500015258789,NATIONALUM,83.6500015258789,8138
2023-07-10 13:24:00+05:30,83.69999694824219,83.69999694824219,83.5999984741211,83.69999694824219,NATIONALUM,83.69999694824219,17528
2023-07-10 13:25:00+05:30,83.6500015258789,83.69999694824219,83.5999984741211,83.6500015258789,NATIONALUM,83.6500015258789,7394
2023-07-10 13:26:00+05:30,83.6500015258789,83.75,83.6500015258789,83.69999694824219,NATIONALUM,83.69999694824219,3336
2023-07-10 13:27:00+05:30,83.5999984741211,83.69999694824219,83.5999984741211,83.69999694824219,NATIONALUM,83.69999694824219,2085
2023-07-10 13:28:00+05:30,83.69999694824219,83.75,83.69999694824219,83.69999694824219,NATIONALUM,83.69999694824219,7780
2023-07-10 13:29:00+05:30,83.6500015258789,83.69999694824219,83.5999984741211,83.69999694824219,NATIONALUM,83.69999694824219,3693
2023-07-10 13:30:00+05:30,83.69999694824219,83.80000305175781,83.6500015258789,83.80000305175781,NATIONALUM,83.80000305175781,14657
2023-07-10 13:31:00+05:30,83.75,83.80000305175781,83.69999694824219,83.69999694824219,NATIONALUM,83.69999694824219,4848
2023-07-10 13:32:00+05:30,83.80000305175781,83.80000305175781,83.69999694824219,83.80000305175781,NATIONALUM,83.80000305175781,5244
2023-07-10 13:33:00+05:30,83.69999694824219,83.9000015258789,83.69999694824219,83.9000015258789,NATIONALUM,83.9000015258789,7043
2023-07-10 13:34:00+05:30,83.8499984741211,83.9000015258789,83.80000305175781,83.80000305175781,NATIONALUM,83.80000305175781,9885
2023-07-10 13:35:00+05:30,83.9000015258789,83.9000015258789,83.80000305175781,83.80000305175781,NATIONALUM,83.80000305175781,5174
2023-07-10 13:36:00+05:30,83.9000015258789,83.94999694824219,83.8499984741211,83.9000015258789,NATIONALUM,83.9000015258789,73920
2023-07-10 13:37:00+05:30,83.94999694824219,83.94999694824219,83.9000015258789,83.9000015258789,NATIONALUM,83.9000015258789,4731
2023-07-10 13:38:00+05:30,83.9000015258789,84.0,83.8499984741211,84.0,NATIONALUM,84.0,30600
2023-07-10 13:39:00+05:30,83.94999694824219,84.0,83.94999694824219,84.0,NATIONALUM,84.0,72388
2023-07-10 13:40:00+05:30,83.94999694824219,84.0,83.94999694824219,84.0,NATIONALUM,84.0,16099
2023-07-10 13:41:00+05:30,84.0,84.0,83.9000015258789,83.9000015258789,NATIONALUM,83.9000015258789,27339
2023-07-10 13:42:00+05:30,83.9000015258789,83.94999694824219,83.8499984741211,83.94999694824219,NATIONALUM,83.94999694824219,19505
2023-07-10 13:43:00+05:30,83.94999694824219,84.0,83.9000015258789,83.9000015258789,NATIONALUM,83.9000015258789,9458
2023-07-10 13:44:00+05:30,83.9000015258789,83.94999694824219,83.80000305175781,83.80000305175781,NATIONALUM,83.80000305175781,19064
2023-07-10 13:45:00+05:30,83.80000305175781,83.8499984741211,83.75,83.75,NATIONALUM,83.75,8382
2023-07-10 13:46:00+05:30,83.80000305175781,83.8499984741211,83.75,83.75,NATIONALUM,83.75,5966
2023-07-10 13:47:00+05:30,83.75,83.80000305175781,83.69999694824219,83.69999694824219,NATIONALUM,83.69999694824219,5994
2023-07-10 13:48:00+05:30,83.69999694824219,83.75,83.6500015258789,83.6500015258789,NATIONALUM,83.6500015258789,6889
2023-07-10 13:49:00+05:30,83.75,83.75,83.6500015258789,83.75,NATIONALUM,83.75,6325
2023-07-10 13:50:00+05:30,83.6500015258789,83.75,83.6500015258789,83.6500015258789,NATIONALUM,83.6500015258789,5899
2023-07-10 13:51:00+05:30,83.6500015258789,83.80000305175781,83.6500015258789,83.69999694824219,NATIONALUM,83.69999694824219,12685
2023-07-10 13:52:00+05:30,83.69999694824219,83.8499984741211,83.69999694824219,83.80000305175781,NATIONALUM,83.80000305175781,14601
2023-07-10 13:53:00+05:30,83.80000305175781,83.9000015258789,83.80000305175781,83.80000305175781,NATIONALUM,83.80000305175781,25498
2023-07-10 13:54:00+05:30,83.80000305175781,83.9000015258789,83.80000305175781,83.8499984741211,NATIONALUM,83.8499984741211,10680
2023-07-10 13:55:00+05:30,83.9000015258789,83.94999694824219,83.8499984741211,83.8499984741211,NATIONALUM,83.8499984741211,23255
2023-07-10 13:56:00+05:30,83.9000015258789,83.94999694824219,83.9000015258789,83.94999694824219,NATIONALUM,83.94999694824219,6129
2023-07-10 13:57:00+05:30,83.9000015258789,83.94999694824219,83.9000015258789,83.9000015258789,NATIONALUM,83.9000015258789,10799
2023-07-10 13:58:00+05:30,84.0,84.05000305175781,83.8499984741211,83.94999694824219,NATIONALUM,83.94999694824219,59032
2023-07-10 13:59:00+05:30,83.94999694824219,83.94999694824219,83.8499984741211,83.94999694824219,NATIONALUM,83.94999694824219,19378
2023-07-10 14:00:00+05:30,84.0,84.0,83.9000015258789,83.9000015258789,NATIONALUM,83.9000015258789,11929
2023-07-10 14:01:00+05:30,83.9000015258789,84.0,83.9000015258789,83.94999694824219,NATIONALUM,83.94999694824219,9733
2023-07-10 14:02:00+05:30,83.94999694824219,84.0,83.8499984741211,83.8499984741211,NATIONALUM,83.8499984741211,16618
2023-07-10 14:03:00+05:30,83.9000015258789,83.9000015258789,83.8499984741211,83.8499984741211,NATIONALUM,83.8499984741211,12441
2023-07-10 14:04:00+05:30,83.8499984741211,83.9000015258789,83.80000305175781,83.8499984741211,NATIONALUM,83.8499984741211,11024
2023-07-10 14:05:00+05:30,83.8499984741211,83.8499984741211,83.69999694824219,83.75,NATIONALUM,83.75,15778
2023-07-10 14:06:00+05:30,83.75,83.80000305175781,83.69999694824219,83.75,NATIONALUM,83.75,14638
2023-07-10 14:07:00+05:30,83.75,83.8499984741211,83.75,83.75,NATIONALUM,83.75,20185
2023-07-10 14:08:00+05:30,83.69999694824219,83.80000305175781,83.69999694824219,83.80000305175781,NATIONALUM,83.80000305175781,4970
2023-07-10 14:09:00+05:30,83.80000305175781,83.8499984741211,83.75,83.75,NATIONALUM,83.75,26509
2023-07-10 14:10:00+05:30,83.8499984741211,83.8499984741211,83.69999694824219,83.69999694824219,NATIONALUM,83.69999694824219,11403
2023-07-10 14:11:00+05:30,83.69999694824219,83.80000305175781,83.69999694824219,83.80000305175781,NATIONALUM,83.80000305175781,10995
2023-07-10 14:12:00+05:30,83.80000305175781,83.8499984741211,83.5999984741211,83.80000305175781,NATIONALUM,83.80000305175781,189669
2023-07-10 14:13:00+05:30,83.80000305175781,83.80000305175781,83.69999694824219,83.69999694824219,NATIONALUM,83.69999694824219,49619
2023-07-10 14:14:00+05:30,83.69999694824219,83.8499984741211,83.69999694824219,83.80000305175781,NATIONALUM,83.80000305175781,17551
2023-07-10 14:15:00+05:30,83.80000305175781,83.8499984741211,83.69999694824219,83.75,NATIONALUM,83.75,15871
2023-07-10 14:16:00+05:30,83.8499984741211,83.9000015258789,83.80000305175781,83.80000305175781,NATIONALUM,83.80000305175781,15809
2023-07-10 14:17:00+05:30,83.75,84.0,83.75,84.0,NATIONALUM,84.0,56710
2023-07-10 14:18:00+05:30,84.0,84.0,83.9000015258789,83.9000015258789,NATIONALUM,83.9000015258789,23313
2023-07-10 14:19:00+05:30,83.9000015258789,83.94999694824219,83.80000305175781,83.80000305175781,NATIONALUM,83.80000305175781,20170
2023-07-10 14:20:00+05:30,83.80000305175781,83.8499984741211,83.75,83.75,NATIONALUM,83.75,13988
2023-07-10 14:21:00+05:30,83.75,83.80000305175781,83.69999694824219,83.75,NATIONALUM,83.75,23885
2023-07-10 14:22:00+05:30,83.75,83.80000305175781,83.75,83.80000305175781,NATIONALUM,83.80000305175781,10985
2023-07-10 14:23:00+05:30,83.75,83.80000305175781,83.75,83.75,NATIONALUM,83.75,9544
2023-07-10 14:24:00+05:30,83.69999694824219,83.80000305175781,83.69999694824219,83.69999694824219,NATIONALUM,83.69999694824219,13006
2023-07-10 14:25:00+05:30,83.80000305175781,83.80000305175781,83.69999694824219,83.75,NATIONALUM,83.75,9673
2023-07-10 14:26:00+05:30,83.69999694824219,83.80000305175781,83.69999694824219,83.69999694824219,NATIONALUM,83.69999694824219,8386
2023-07-10 14:27:00+05:30,83.75,83.75,83.6500015258789,83.6500015258789,NATIONALUM,83.6500015258789,14298
2023-07-10 14:28:00+05:30,83.6500015258789,83.75,83.6500015258789,83.69999694824219,NATIONALUM,83.69999694824219,14550
2023-07-10 14:29:00+05:30,83.6500015258789,83.69999694824219,83.55000305175781,83.55000305175781,NATIONALUM,83.55000305175781,14255
2023-07-10 14:30:00+05:30,83.55000305175781,83.6500015258789,83.55000305175781,83.6500015258789,NATIONALUM,83.6500015258789,5123
2023-07-10 14:31:00+05:30,83.55000305175781,83.6500015258789,83.55000305175781,83.6500015258789,NATIONALUM,83.6500015258789,16776
2023-07-10 14:32:00+05:30,83.5999984741211,83.69999694824219,83.5999984741211,83.6500015258789,NATIONALUM,83.6500015258789,11360
2023-07-10 14:33:00+05:30,83.6500015258789,83.69999694824219,83.5999984741211,83.5999984741211,NATIONALUM,83.5999984741211,8278
2023-07-10 14:34:00+05:30,83.5999984741211,83.69999694824219,83.5999984741211,83.6500015258789,NATIONALUM,83.6500015258789,10273
2023-07-10 14:35:00+05:30,83.69999694824219,83.69999694824219,83.5999984741211,83.5999984741211,NATIONALUM,83.5999984741211,5043
2023-07-10 14:36:00+05:30,83.6500015258789,83.69999694824219,83.5999984741211,83.5999984741211,NATIONALUM,83.5999984741211,8298
2023-07-10 14:37:00+05:30,83.5999984741211,83.6500015258789,83.5999984741211,83.5999984741211,NATIONALUM,83.5999984741211,4383
2023-07-10 14:38:00+05:30,83.5999984741211,83.6500015258789,83.5999984741211,83.5999984741211,NATIONALUM,83.5999984741211,16599
2023-07-10 14:39:00+05:30,83.5999984741211,83.5999984741211,83.5999984741211,83.5999984741211,NATIONALUM,83.5999984741211,7689
2023-07-10 14:40:00+05:30,83.6500015258789,83.6500015258789,83.5999984741211,83.5999984741211,NATIONALUM,83.5999984741211,11434
2023-07-10 14:41:00+05:30,83.5999984741211,83.5999984741211,83.55000305175781,83.55000305175781,NATIONALUM,83.55000305175781,16342
2023-07-10 14:42:00+05:30,83.55000305175781,83.55000305175781,83.55000305175781,83.55000305175781,NATIONALUM,83.55000305175781,9462
2023-07-10 14:43:00+05:30,83.55000305175781,83.55000305175781,83.4000015258789,83.44999694824219,NATIONALUM,83.44999694824219,76253
2023-07-10 14:44:00+05:30,83.44999694824219,83.5,83.4000015258789,83.4000015258789,NATIONALUM,83.4000015258789,16343
2023-07-10 14:45:00+05:30,83.4000015258789,83.5,83.4000015258789,83.44999694824219,NATIONALUM,83.44999694824219,38307
2023-07-10 14:46:00+05:30,83.3499984741211,83.3499984741211,83.25,83.30000305175781,NATIONALUM,83.30000305175781,397192
2023-07-10 14:47:00+05:30,83.30000305175781,83.3499984741211,83.25,83.30000305175781,NATIONALUM,83.30000305175781,109345
2023-07-10 14:48:00+05:30,83.30000305175781,83.30000305175781,83.25,83.25,NATIONALUM,83.25,55841
2023-07-10 14:49:00+05:30,83.30000305175781,83.3499984741211,83.25,83.30000305175781,NATIONALUM,83.30000305175781,94391
2023-07-10 14:50:00+05:30,83.30000305175781,83.30000305175781,83.30000305175781,83.30000305175781,NATIONALUM,83.30000305175781,27681
2023-07-10 14:51:00+05:30,83.30000305175781,83.44999694824219,83.30000305175781,83.44999694824219,NATIONALUM,83.44999694824219,44942
2023-07-10 14:52:00+05:30,83.44999694824219,83.44999694824219,83.44999694824219,83.44999694824219,NATIONALUM,83.44999694824219,8552
2023-07-10 14:53:00+05:30,83.44999694824219,83.44999694824219,83.44999694824219,83.44999694824219,NATIONALUM,83.44999694824219,7562
2023-07-10 14:54:00+05:30,83.44999694824219,83.5,83.44999694824219,83.44999694824219,NATIONALUM,83.44999694824219,15772
2023-07-10 14:55:00+05:30,83.5,83.5,83.44999694824219,83.44999694824219,NATIONALUM,83.44999694824219,6850
2023-07-10 14:56:00+05:30,83.44999694824219,83.5,83.44999694824219,83.44999694824219,NATIONALUM,83.44999694824219,5945
2023-07-10 14:57:00+05:30,83.5,83.5,83.44999694824219,83.44999694824219,NATIONALUM,83.44999694824219,2494
2023-07-10 14:58:00+05:30,83.44999694824219,83.5,83.4000015258789,83.5,NATIONALUM,83.5,35774
2023-07-10 14:59:00+05:30,83.5,83.55000305175781,83.5,83.55000305175781,NATIONALUM,83.55000305175781,17921
2023-07-10 15:00:00+05:30,83.55000305175781,83.55000305175781,83.4000015258789,83.4000015258789,NATIONALUM,83.4000015258789,33466
2023-07-10 15:01:00+05:30,83.4000015258789,83.44999694824219,83.30000305175781,83.4000015258789,NATIONALUM,83.4000015258789,16063
2023-07-10 15:02:00+05:30,83.30000305175781,83.4000015258789,83.30000305175781,83.30000305175781,NATIONALUM,83.30000305175781,6243
2023-07-10 15:03:00+05:30,83.3499984741211,83.3499984741211,83.30000305175781,83.30000305175781,NATIONALUM,83.30000305175781,19221
2023-07-10 15:04:00+05:30,83.30000305175781,83.44999694824219,83.30000305175781,83.4000015258789,NATIONALUM,83.4000015258789,27852
2023-07-10 15:05:00+05:30,83.4000015258789,83.4000015258789,83.3499984741211,83.4000015258789,NATIONALUM,83.4000015258789,17700
2023-07-10 15:06:00+05:30,83.4000015258789,83.4000015258789,83.3499984741211,83.3499984741211,NATIONALUM,83.3499984741211,9659
2023-07-10 15:07:00+05:30,83.3499984741211,83.4000015258789,83.30000305175781,83.4000015258789,NATIONALUM,83.4000015258789,27592
2023-07-10 15:08:00+05:30,83.4000015258789,83.4000015258789,83.3499984741211,83.3499984741211,NATIONALUM,83.3499984741211,11460
2023-07-10 15:09:00+05:30,83.4000015258789,83.4000015258789,83.30000305175781,83.3499984741211,NATIONALUM,83.3499984741211,11798
2023-07-10 15:10:00+05:30,83.4000015258789,83.44999694824219,83.4000015258789,83.4000015258789,NATIONALUM,83.4000015258789,21901
2023-07-10 15:11:00+05:30,83.4000015258789,83.4000015258789,83.3499984741211,83.4000015258789,NATIONALUM,83.4000015258789,27943
2023-07-10 15:12:00+05:30,83.3499984741211,83.4000015258789,83.3499984741211,83.3499984741211,NATIONALUM,83.3499984741211,9671
2023-07-10 15:13:00+05:30,83.3499984741211,83.44999694824219,83.30000305175781,83.4000015258789,NATIONALUM,83.4000015258789,80332
2023-07-10 15:14:00+05:30,83.4000015258789,83.4000015258789,83.30000305175781,83.3499984741211,NATIONALUM,83.3499984741211,113705
2023-07-10 15:15:00+05:30,83.4000015258789,83.44999694824219,83.3499984741211,83.44999694824219,NATIONALUM,83.44999694824219,57917
2023-07-10 15:16:00+05:30,83.4000015258789,83.4000015258789,83.3499984741211,83.4000015258789,NATIONALUM,83.4000015258789,59855
2023-07-10 15:17:00+05:30,83.4000015258789,83.4000015258789,83.4000015258789,83.4000015258789,NATIONALUM,83.4000015258789,26322
2023-07-10 15:18:00+05:30,83.4000015258789,83.4000015258789,83.3499984741211,83.4000015258789,NATIONALUM,83.4000015258789,128675
2023-07-10 15:19:00+05:30,83.4000015258789,83.44999694824219,83.3499984741211,83.4000015258789,NATIONALUM,83.4000015258789,28981
2023-07-10 15:20:00+05:30,83.4000015258789,83.4000015258789,83.30000305175781,83.4000015258789,NATIONALUM,83.4000015258789,52970
2023-07-10 15:21:00+05:30,83.30000305175781,83.4000015258789,83.30000305175781,83.3499984741211,NATIONALUM,83.3499984741211,53592
2023-07-10 15:22:00+05:30,83.3499984741211,83.44999694824219,83.19999694824219,83.3499984741211,NATIONALUM,83.3499984741211,313902
2023-07-10 15:23:00+05:30,83.3499984741211,83.4000015258789,83.30000305175781,83.4000015258789,NATIONALUM,83.4000015258789,13589
2023-07-10 15:24:00+05:30,83.4000015258789,83.4000015258789,83.25,83.3499984741211,NATIONALUM,83.3499984741211,71072
2023-07-10 15:25:00+05:30,83.30000305175781,83.4000015258789,83.30000305175781,83.3499984741211,NATIONALUM,83.3499984741211,63123
2023-07-10 15:26:00+05:30,83.4000015258789,83.4000015258789,83.3499984741211,83.4000015258789,NATIONALUM,83.4000015258789,14334
2023-07-10 15:27:00+05:30,83.4000015258789,83.44999694824219,83.3499984741211,83.44999694824219,NATIONALUM,83.44999694824219,46230
2023-07-10 15:28:00+05:30,83.4000015258789,83.5,83.4000015258789,83.4000015258789,NATIONALUM,83.4000015258789,30024
2023-07-10 15:29:00+05:30,83.4000015258789,83.4000015258789,83.3499984741211,83.3499984741211,NATIONALUM,83.3499984741211,12172
2023-07-11 09:15:00+05:30,83.69999694824219,83.69999694824219,83.44999694824219,83.5,NATIONALUM,83.5,0
2023-07-11 09:16:00+05:30,83.44999694824219,83.6500015258789,83.4000015258789,83.6500015258789,NATIONALUM,83.6500015258789,56406
2023-07-11 09:17:00+05:30,83.5999984741211,83.5999984741211,83.44999694824219,83.5,NATIONALUM,83.5,29603
2023-07-11 09:18:00+05:30,83.5,83.6500015258789,83.5,83.5999984741211,NATIONALUM,83.5999984741211,11534
2023-07-11 09:19:00+05:30,83.6500015258789,83.6500015258789,83.55000305175781,83.6500015258789,NATIONALUM,83.6500015258789,31656
2023-07-11 09:20:00+05:30,83.55000305175781,83.55000305175781,83.30000305175781,83.30000305175781,NATIONALUM,83.30000305175781,65200
2023-07-11 09:21:00+05:30,83.19999694824219,83.25,83.0999984741211,83.0999984741211,NATIONALUM,83.0999984741211,27076
2023-07-11 09:22:00+05:30,83.1500015258789,83.1500015258789,83.0999984741211,83.1500015258789,NATIONALUM,83.1500015258789,51635
2023-07-11 09:23:00+05:30,83.25,83.25,83.25,83.25,NATIONALUM,83.25,13304
2023-07-11 09:24:00+05:30,83.25,83.3499984741211,83.25,83.3499984741211,NATIONALUM,83.3499984741211,18566
2023-07-11 09:25:00+05:30,83.4000015258789,83.5,83.4000015258789,83.5,NATIONALUM,83.5,18562
2023-07-11 09:26:00+05:30,83.44999694824219,83.55000305175781,83.44999694824219,83.55000305175781,NATIONALUM,83.55000305175781,10653
2023-07-11 09:27:00+05:30,83.5999984741211,83.5999984741211,83.5,83.55000305175781,NATIONALUM,83.55000305175781,26504
2023-07-11 09:28:00+05:30,83.5,83.55000305175781,83.5,83.55000305175781,NATIONALUM,83.55000305175781,7226
2023-07-11 09:29:00+05:30,83.55000305175781,83.55000305175781,83.5,83.5,NATIONALUM,83.5,1820
2023-07-11 09:30:00+05:30,83.55000305175781,83.5999984741211,83.5,83.5999984741211,NATIONALUM,83.5999984741211,4135
2023-07-11 09:31:00+05:30,83.55000305175781,83.69999694824219,83.55000305175781,83.6500015258789,NATIONALUM,83.6500015258789,43637
2023-07-11 09:32:00+05:30,83.6500015258789,83.6500015258789,83.55000305175781,83.55000305175781,NATIONALUM,83.55000305175781,5154
2023-07-11 09:33:00+05:30,83.6500015258789,83.6500015258789,83.5,83.55000305175781,NATIONALUM,83.55000305175781,25392
2023-07-11 09:34:00+05:30,83.5999984741211,83.5999984741211,83.44999694824219,83.5,NATIONALUM,83.5,2433
2023-07-11 09:35:00+05:30,83.5,83.5,83.44999694824219,83.5,NATIONALUM,83.5,231
2023-07-11 09:36:00+05:30,83.5,83.55000305175781,83.5,83.55000305175781,NATIONALUM,83.55000305175781,4135
2023-07-11 09:37:00+05:30,83.5,83.55000305175781,83.5,83.55000305175781,NATIONALUM,83.55000305175781,4212
2023-07-11 09:38:00+05:30,83.55000305175781,83.55000305175781,83.4000015258789,83.5,NATIONALUM,83.5,9938
2023-07-11 09:39:00+05:30,83.4000015258789,83.5,83.4000015258789,83.5,NATIONALUM,83.5,11583
2023-07-11 09:40:00+05:30,83.5,83.5,83.44999694824219,83.44999694824219,NATIONALUM,83.44999694824219,13059
2023-07-11 09:41:00+05:30,83.55000305175781,83.5999984741211,83.5,83.55000305175781,NATIONALUM,83.55000305175781,14400
2023-07-11 09:42:00+05:30,83.55000305175781,83.6500015258789,83.55000305175781,83.5999984741211,NATIONALUM,83.5999984741211,31072
2023-07-11 09:43:00+05:30,83.69999694824219,83.69999694824219,83.6500015258789,83.69999694824219,NATIONALUM,83.69999694824219,7645
2023-07-11 09:44:00+05:30,83.69999694824219,83.69999694824219,83.6500015258789,83.6500015258789,NATIONALUM,83.6500015258789,1281
2023-07-11 09:45:00+05:30,83.6500015258789,83.69999694824219,83.6500015258789,83.69999694824219,NATIONALUM,83.69999694824219,6643
2023-07-11 09:46:00+05:30,83.6500015258789,83.69999694824219,83.6500015258789,83.69999694824219,NATIONALUM,83.69999694824219,2802
2023-07-11 09:47:00+05:30,83.69999694824219,83.69999694824219,83.5999984741211,83.5999984741211,NATIONALUM,83.5999984741211,3072
2023-07-11 09:48:00+05:30,83.6500015258789,83.6500015258789,83.5999984741211,83.5999984741211,NATIONALUM,83.5999984741211,2307
2023-07-11 09:49:00+05:30,83.6500015258789,83.69999694824219,83.5999984741211,83.6500015258789,NATIONALUM,83.6500015258789,4354
2023-07-11 09:50:00+05:30,83.5999984741211,83.6500015258789,83.5,83.5999984741211,NATIONALUM,83.5999984741211,15985
2023-07-11 09:51:00+05:30,83.5,83.5999984741211,83.5,83.5999984741211,NATIONALUM,83.5999984741211,1918
2023-07-11 09:52:00+05:30,83.5999984741211,83.5999984741211,83.5,83.5,NATIONALUM,83.5,4470
2023-07-11 09:53:00+05:30,83.5,83.5,83.4000015258789,83.5,NATIONALUM,83.5,20006
2023-07-11 09:54:00+05:30,83.5,83.5,83.44999694824219,83.5,NATIONALUM,83.5,1176
2023-07-11 09:55:00+05:30,83.5,83.5,83.44999694824219,83.5,NATIONALUM,83.5,13326
2023-07-11 09:56:00+05:30,83.5,83.6500015258789,83.5,83.6500015258789,NATIONALUM,83.6500015258789,11045
2023-07-11 09:57:00+05:30,83.6500015258789,83.69999694824219,83.5999984741211,83.6500015258789,NATIONALUM,83.6500015258789,9977
2023-07-11 09:58:00+05:30,83.5999984741211,83.69999694824219,83.5999984741211,83.69999694824219,NATIONALUM,83.69999694824219,5312
2023-07-11 09:59:00+05:30,83.5999984741211,83.69999694824219,83.5999984741211,83.69999694824219,NATIONALUM,83.69999694824219,5042
2023-07-11 10:00:00+05:30,83.69999694824219,83.69999694824219,83.69999694824219,83.69999694824219,NATIONALUM,83.69999694824219,2344
2023-07-11 10:01:00+05:30,83.69999694824219,83.69999694824219,83.6500015258789,83.69999694824219,NATIONALUM,83.69999694824219,576
2023-07-11 10:02:00+05:30,83.69999694824219,83.69999694824219,83.69999694824219,83.69999694824219,NATIONALUM,83.69999694824219,1863
2023-07-11 10:03:00+05:30,83.69999694824219,83.69999694824219,83.5999984741211,83.5999984741211,NATIONALUM,83.5999984741211,21706
2023-07-11 10:04:00+05:30,83.5999984741211,83.6500015258789,83.5999984741211,83.6500015258789,NATIONALUM,83.6500015258789,1828
2023-07-11 10:05:00+05:30,83.69999694824219,83.75,83.6500015258789,83.69999694824219,NATIONALUM,83.69999694824219,16431
2023-07-11 10:06:00+05:30,83.69999694824219,83.8499984741211,83.69999694824219,83.8499984741211,NATIONALUM,83.8499984741211,59045
2023-07-11 10:07:00+05:30,83.8499984741211,83.8499984741211,83.80000305175781,83.8499984741211,NATIONALUM,83.8499984741211,6221
2023-07-11 10:08:00+05:30,83.8499984741211,83.8499984741211,83.80000305175781,83.8499984741211,NATIONALUM,83.8499984741211,958
2023-07-11 10:09:00+05:30,83.8499984741211,83.8499984741211,83.80000305175781,83.8499984741211,NATIONALUM,83.8499984741211,10302
2023-07-11 10:10:00+05:30,83.8499984741211,83.8499984741211,83.75,83.8499984741211,NATIONALUM,83.8499984741211,16012
2023-07-11 10:11:00+05:30,83.8499984741211,83.94999694824219,83.8499984741211,83.94999694824219,NATIONALUM,83.94999694824219,14216
2023-07-11 10:12:00+05:30,83.94999694824219,83.94999694824219,83.8499984741211,83.9000015258789,NATIONALUM,83.9000015258789,1197
2023-07-11 10:13:00+05:30,83.9000015258789,83.9000015258789,83.80000305175781,83.8499984741211,NATIONALUM,83.8499984741211,2185
2023-07-11 10:14:00+05:30,83.80000305175781,83.9000015258789,83.80000305175781,83.9000015258789,NATIONALUM,83.9000015258789,8816
2023-07-11 10:15:00+05:30,83.80000305175781,83.80000305175781,83.75,83.75,NATIONALUM,83.75,9634
2023-07-11 10:16:00+05:30,83.75,83.80000305175781,83.75,83.80000305175781,NATIONALUM,83.80000305175781,1978
2023-07-11 10:17:00+05:30,83.75,83.9000015258789,83.75,83.8499984741211,NATIONALUM,83.8499984741211,19948
2023-07-11 10:18:00+05:30,83.9000015258789,84.0,83.9000015258789,83.94999694824219,NATIONALUM,83.94999694824219,31928
2023-07-11 10:19:00+05:30,84.0,84.0999984741211,84.0,84.0,NATIONALUM,84.0,36842
2023-07-11 10:20:00+05:30,84.0,84.0,83.94999694824219,83.94999694824219,NATIONALUM,83.94999694824219,308
2023-07-11 10:21:00+05:30,83.94999694824219,83.94999694824219,83.9000015258789,83.9000015258789,NATIONALUM,83.9000015258789,2891
2023-07-11 10:22:00+05:30,83.9000015258789,84.0,83.9000015258789,84.0,NATIONALUM,84.0,11535
2023-07-11 10:23:00+05:30,83.94999694824219,84.0,83.9000015258789,83.94999694824219,NATIONALUM,83.94999694824219,2476
2023-07-11 10:24:00+05:30,83.94999694824219,83.94999694824219,83.9000015258789,83.94999694824219,NATIONALUM,83.94999694824219,250
2023-07-11 10:25:00+05:30,83.94999694824219,83.94999694824219,83.9000015258789,83.94999694824219,NATIONALUM,83.94999694824219,9455
2023-07-11 10:26:00+05:30,83.94999694824219,83.94999694824219,83.9000015258789,83.94999694824219,NATIONALUM,83.94999694824219,876
2023-07-11 10:27:00+05:30,84.0,84.0,83.94999694824219,84.0,NATIONALUM,84.0,31073
2023-07-11 10:28:00+05:30,83.94999694824219,84.0,83.9000015258789,84.0,NATIONALUM,84.0,2131
2023-07-11 10:29:00+05:30,83.9000015258789,84.0,83.9000015258789,84.0,NATIONALUM,84.0,5336
2023-07-11 10:30:00+05:30,84.0,84.0,83.9000015258789,83.94999694824219,NATIONALUM,83.94999694824219,3609
2023-07-11 10:31:00+05:30,83.94999694824219,84.0,83.9000015258789,84.0,NATIONALUM,84.0,1318
2023-07-11 10:32:00+05:30,84.0,84.0,83.9000015258789,83.9000015258789,NATIONALUM,83.9000015258789,2048
2023-07-11 10:33:00+05:30,84.0,84.0,83.94999694824219,83.94999694824219,NATIONALUM,83.94999694824219,5337
2023-07-11 10:34:00+05:30,83.94999694824219,83.94999694824219,83.9000015258789,83.9000015258789,NATIONALUM,83.9000015258789,2355
2023-07-11 10:35:00+05:30,83.94999694824219,83.94999694824219,83.9000015258789,83.9000015258789,NATIONALUM,83.9000015258789,1037
2023-07-11 10:36:00+05:30,83.94999694824219,83.94999694824219,83.94999694824219,83.94999694824219,NATIONALUM,83.94999694824219,8516
2023-07-11 10:37:00+05:30,83.9000015258789,83.94999694824219,83.9000015258789,83.9000015258789,NATIONALUM,83.9000015258789,1884
2023-07-11 10:38:00+05:30,83.94999694824219,83.94999694824219,83.9000015258789,83.9000015258789,NATIONALUM,83.9000015258789,233
2023-07-11 10:39:00+05:30,83.9000015258789,83.94999694824219,83.8499984741211,83.8499984741211,NATIONALUM,83.8499984741211,14235
2023-07-11 10:40:00+05:30,83.8499984741211,83.9000015258789,83.8499984741211,83.8499984741211,NATIONALUM,83.8499984741211,7991
2023-07-11 10:41:00+05:30,83.9000015258789,83.9000015258789,83.80000305175781,83.8499984741211,NATIONALUM,83.8499984741211,6308
2023-07-11 10:42:00+05:30,83.9000015258789,83.9000015258789,83.80000305175781,83.80000305175781,NATIONALUM,83.80000305175781,2533
2023-07-11 10:43:00+05:30,83.80000305175781,83.8499984741211,83.80000305175781,83.80000305175781,NATIONALUM,83.80000305175781,2605
2023-07-11 10:44:00+05:30,83.9000015258789,83.9000015258789,83.80000305175781,83.9000015258789,NATIONALUM,83.9000015258789,9855
2023-07-11 10:45:00+05:30,83.8499984741211,83.8499984741211,83.75,83.80000305175781,NATIONALUM,83.80000305175781,7516
2023-07-11 10:46:00+05:30,83.80000305175781,83.80000305175781,83.75,83.75,NATIONALUM,83.75,823
2023-07-11 10:47:00+05:30,83.75,83.80000305175781,83.75,83.75,NATIONALUM,83.75,787
2023-07-11 10:48:00+05:30,83.75,83.80000305175781,83.75,83.80000305175781,NATIONALUM,83.80000305175781,1194
2023-07-11 10:49:00+05:30,83.80000305175781,83.80000305175781,83.75,83.75,NATIONALUM,83.75,1183
2023-07-11 10:50:00+05:30,83.80000305175781,83.80000305175781,83.69999694824219,83.69999694824219,NATIONALUM,83.69999694824219,4057
2023-07-11 10:51:00+05:30,83.69999694824219,83.80000305175781,83.69999694824219,83.80000305175781,NATIONALUM,83.80000305175781,567
2023-07-11 10:52:00+05:30,83.75,83.80000305175781,83.75,83.80000305175781,NATIONALUM,83.80000305175781,533
2023-07-11 10:53:00+05:30,83.80000305175781,83.80000305175781,83.80000305175781,83.80000305175781,NATIONALUM,83.80000305175781,864
2023-07-11 10:54:00+05:30,83.80000305175781,83.80000305175781,83.75,83.75,NATIONALUM,83.75,4587
2023-07-11 10:55:00+05:30,83.75,83.80000305175781,83.75,83.80000305175781,NATIONALUM,83.80000305175781,465
2023-07-11 10:56:00+05:30,83.75,83.75,83.69999694824219,83.69999694824219,NATIONALUM,83.69999694824219,6659
2023-07-11 10:57:00+05:30,83.75,83.75,83.75,83.75,NATIONALUM,83.75,956
2023-07-11 10:58:00+05:30,83.75,83.80000305175781,83.69999694824219,83.75,NATIONALUM,83.75,4126
2023-07-11 10:59:00+05:30,83.75,83.75,83.69999694824219,83.75,NATIONALUM,83.75,3082
2023-07-11 11:00:00+05:30,83.69999694824219,83.75,83.69999694824219,83.75,NATIONALUM,83.75,795
2023-07-11 11:01:00+05:30,83.69999694824219,83.80000305175781,83.69999694824219,83.69999694824219,NATIONALUM,83.69999694824219,707
2023-07-11 11:02:00+05:30,83.69999694824219,83.80000305175781,83.69999694824219,83.69999694824219,NATIONALUM,83.69999694824219,700
2023-07-11 11:03:00+05:30,83.80000305175781,83.80000305175781,83.69999694824219,83.80000305175781,NATIONALUM,83.80000305175781,1110
2023-07-11 11:04:00+05:30,83.80000305175781,83.80000305175781,83.69999694824219,83.69999694824219,NATIONALUM,83.69999694824219,762
2023-07-11 11:05:00+05:30,83.75,83.80000305175781,83.75,83.80000305175781,NATIONALUM,83.80000305175781,93
2023-07-11 11:06:00+05:30,83.80000305175781,83.80000305175781,83.69999694824219,83.75,NATIONALUM,83.75,518
2023-07-11 11:07:00+05:30,83.69999694824219,83.69999694824219,83.69999694824219,83.69999694824219,NATIONALUM,83.69999694824219,1567
2023-07-11 11:08:00+05:30,83.75,83.75,83.69999694824219,83.75,NATIONALUM,83.75,15454
2023-07-11 11:09:00+05:30,83.75,83.75,83.69999694824219,83.69999694824219,NATIONALUM,83.69999694824219,3953
2023-07-11 11:10:00+05:30,83.75,83.75,83.6500015258789,83.6500015258789,NATIONALUM,83.6500015258789,8899
2023-07-11 11:11:00+05:30,83.6500015258789,83.69999694824219,83.5999984741211,83.6500015258789,NATIONALUM,83.6500015258789,6116
2023-07-11 11:12:00+05:30,83.5999984741211,83.6500015258789,83.55000305175781,83.55000305175781,NATIONALUM,83.55000305175781,66530
2023-07-11 11:13:00+05:30,83.5,83.55000305175781,83.5,83.55000305175781,NATIONALUM,83.55000305175781,6269
2023-07-11 11:14:00+05:30,83.55000305175781,83.55000305175781,83.5,83.5,NATIONALUM,83.5,20888
2023-07-11 11:15:00+05:30,83.55000305175781,83.55000305175781,83.5,83.55000305175781,NATIONALUM,83.55000305175781,6370
2023-07-11 11:16:00+05:30,83.55000305175781,83.55000305175781,83.5,83.55000305175781,NATIONALUM,83.55000305175781,13051
2023-07-11 11:17:00+05:30,83.55000305175781,83.55000305175781,83.5,83.55000305175781,NATIONALUM,83.55000305175781,3223
2023-07-11 11:18:00+05:30,83.5,83.5999984741211,83.5,83.55000305175781,NATIONALUM,83.55000305175781,4892
2023-07-11 11:19:00+05:30,83.55000305175781,83.6500015258789,83.5,83.5999984741211,NATIONALUM,83.5999984741211,11298
2023-07-11 11:20:00+05:30,83.5999984741211,83.6500015258789,83.55000305175781,83.55000305175781,NATIONALUM,83.55000305175781,21385
2023-07-11 11:21:00+05:30,83.55000305175781,83.5999984741211,83.5,83.5,NATIONALUM,83.5,5323
2023-07-11 11:22:00+05:30,83.5,83.5999984741211,83.5,83.5,NATIONALUM,83.5,3245
2023-07-11 11:23:00+05:30,83.55000305175781,83.5999984741211,83.5,83.5999984741211,NATIONALUM,83.5999984741211,6442
2023-07-11 11:24:00+05:30,83.5,83.5999984741211,83.5,83.55000305175781,NATIONALUM,83.55000305175781,3932
2023-07-11 11:25:00+05:30,83.55000305175781,83.55000305175781,83.5,83.5,NATIONALUM,83.5,4782
2023-07-11 11:26:00+05:30,83.5,83.5,83.44999694824219,83.5,NATIONALUM,83.5,9284
2023-07-11 11:27:00+05:30,83.44999694824219,83.5,83.44999694824219,83.5,NATIONALUM,83.5,13069
2023-07-11 11:28:00+05:30,83.5,83.5,83.44999694824219,83.44999694824219,NATIONALUM,83.44999694824219,6439
2023-07-11 11:29:00+05:30,83.5,83.5,83.44999694824219,83.5,NATIONALUM,83.5,5705
2023-07-11 11:30:00+05:30,83.44999694824219,83.5,83.44999694824219,83.5,NATIONALUM,83.5,15050
2023-07-11 11:31:00+05:30,83.44999694824219,83.55000305175781,83.30000305175781,83.3499984741211,NATIONALUM,83.3499984741211,50871
2023-07-11 11:32:00+05:30,83.30000305175781,83.3499984741211,83.30000305175781,83.30000305175781,NATIONALUM,83.30000305175781,12304
2023-07-11 11:33:00+05:30,83.30000305175781,83.4000015258789,83.30000305175781,83.4000015258789,NATIONALUM,83.4000015258789,12896
2023-07-11 11:34:00+05:30,83.3499984741211,83.4000015258789,83.30000305175781,83.4000015258789,NATIONALUM,83.4000015258789,7797
2023-07-11 11:35:00+05:30,83.3499984741211,83.4000015258789,83.3499984741211,83.4000015258789,NATIONALUM,83.4000015258789,4671
2023-07-11 11:36:00+05:30,83.3499984741211,83.4000015258789,83.3499984741211,83.3499984741211,NATIONALUM,83.3499984741211,4110
2023-07-11 11:37:00+05:30,83.3499984741211,83.44999694824219,83.3499984741211,83.44999694824219,NATIONALUM,83.44999694824219,9407
2023-07-11 11:38:00+05:30,83.4000015258789,83.5,83.4000015258789,83.5,NATIONALUM,83.5,21436
2023-07-11 11:39:00+05:30,83.44999694824219,83.5,83.44999694824219,83.5,NATIONALUM,83.5,2972
2023-07-11 11:40:00+05:30,83.44999694824219,83.5,83.44999694824219,83.44999694824219,NATIONALUM,83.44999694824219,9058
2023-07-11 11:41:00+05:30,83.44999694824219,83.5,83.44999694824219,83.5,NATIONALUM,83.5,15029
2023-07-11 11:42:00+05:30,83.44999694824219,83.44999694824219,83.4000015258789,83.4000015258789,NATIONALUM,83.4000015258789,9354
2023-07-11 11:43:00+05:30,83.44999694824219,83.44999694824219,83.4000015258789,83.4000015258789,NATIONALUM,83.4000015258789,6194
2023-07-11 11:44:00+05:30,83.4000015258789,83.44999694824219,83.4000015258789,83.44999694824219,NATIONALUM,83.44999694824219,3685
2023-07-11 11:45:00+05:30,83.44999694824219,83.44999694824219,83.4000015258789,83.44999694824219,NATIONALUM,83.44999694824219,6367
2023-07-11 11:46:00+05:30,83.4000015258789,83.44999694824219,83.3499984741211,83.4000015258789,NATIONALUM,83.4000015258789,3932
2023-07-11 11:47:00+05:30,83.4000015258789,83.44999694824219,83.4000015258789,83.4000015258789,NATIONALUM,83.4000015258789,3655
2023-07-11 11:48:00+05:30,83.4000015258789,83.4000015258789,83.3499984741211,83.4000015258789,NATIONALUM,83.4000015258789,3421
2023-07-11 11:49:00+05:30,83.3499984741211,83.4000015258789,83.3499984741211,83.3499984741211,NATIONALUM,83.3499984741211,4410
2023-07-11 11:50:00+05:30,83.3499984741211,83.4000015258789,83.3499984741211,83.4000015258789,NATIONALUM,83.4000015258789,5379
2023-07-11 11:51:00+05:30,83.3499984741211,83.4000015258789,83.3499984741211,83.3499984741211,NATIONALUM,83.3499984741211,4203
2023-07-11 11:52:00+05:30,83.3499984741211,83.4000015258789,83.3499984741211,83.3499984741211,NATIONALUM,83.3499984741211,4873
2023-07-11 11:53:00+05:30,83.4000015258789,83.4000015258789,83.3499984741211,83.4000015258789,NATIONALUM,83.4000015258789,14930
2023-07-11 11:54:00+05:30,83.5,83.55000305175781,83.5,83.55000305175781,NATIONALUM,83.55000305175781,10306
2023-07-11 11:55:00+05:30,83.55000305175781,83.6500015258789,83.5,83.6500015258789,NATIONALUM,83.6500015258789,53967
2023-07-11 11:56:00+05:30,83.69999694824219,83.69999694824219,83.6500015258789,83.69999694824219,NATIONALUM,83.69999694824219,9479
2023-07-11 11:57:00+05:30,83.69999694824219,83.69999694824219,83.5999984741211,83.6500015258789,NATIONALUM,83.6500015258789,5819
2023-07-11 11:58:00+05:30,83.6500015258789,83.69999694824219,83.6500015258789,83.6500015258789,NATIONALUM,83.6500015258789,3501
2023-07-11 11:59:00+05:30,83.6500015258789,83.69999694824219,83.6500015258789,83.6500015258789,NATIONALUM,83.6500015258789,35025
2023-07-11 12:00:00+05:30,83.5999984741211,83.6500015258789,83.5999984741211,83.6500015258789,NATIONALUM,83.6500015258789,3532
2023-07-11 12:01:00+05:30,83.5999984741211,83.6500015258789,83.55000305175781,83.55000305175781,NATIONALUM,83.55000305175781,6617
2023-07-11 12:02:00+05:30,83.5999984741211,83.6500015258789,83.55000305175781,83.6500015258789,NATIONALUM,83.6500015258789,3747
2023-07-11 12:03:00+05:30,83.55000305175781,83.5999984741211,83.55000305175781,83.55000305175781,NATIONALUM,83.55000305175781,3583
2023-07-11 12:04:00+05:30,83.55000305175781,83.5999984741211,83.55000305175781,83.5999984741211,NATIONALUM,83.5999984741211,12208
2023-07-11 12:05:00+05:30,83.55000305175781,83.5999984741211,83.5,83.55000305175781,NATIONALUM,83.55000305175781,7072
2023-07-11 12:06:00+05:30,83.55000305175781,83.55000305175781,83.5,83.55000305175781,NATIONALUM,83.55000305175781,4009
2023-07-11 12:07:00+05:30,83.5,83.5999984741211,83.5,83.55000305175781,NATIONALUM,83.55000305175781,6272
2023-07-11 12:08:00+05:30,83.55000305175781,83.55000305175781,83.5,83.5,NATIONALUM,83.5,3574
2023-07-11 12:09:00+05:30,83.5999984741211,83.5999984741211,83.5,83.5,NATIONALUM,83.5,4495
2023-07-11 12:10:00+05:30,83.5,83.5999984741211,83.5,83.55000305175781,NATIONALUM,83.55000305175781,4451
2023-07-11 12:11:00+05:30,83.5,83.5999984741211,83.5,83.5999984741211,NATIONALUM,83.5999984741211,3103
2023-07-11 12:12:00+05:30,83.5999984741211,83.5999984741211,83.5,83.55000305175781,NATIONALUM,83.55000305175781,3308
2023-07-11 12:13:00+05:30,83.5,83.55000305175781,83.5,83.5,NATIONALUM,83.5,39115
2023-07-11 12:14:00+05:30,83.55000305175781,83.55000305175781,83.5,83.55000305175781,NATIONALUM,83.55000305175781,6986
2023-07-11 12:15:00+05:30,83.55000305175781,83.55000305175781,83.5,83.5,NATIONALUM,83.5,3382
2023-07-11 12:16:00+05:30,83.55000305175781,83.5999984741211,83.5,83.5999984741211,NATIONALUM,83.5999984741211,16568
2023-07-11 12:17:00+05:30,83.5,83.5999984741211,83.5,83.5999984741211,NATIONALUM,83.5999984741211,3389
2023-07-11 12:18:00+05:30,83.5,83.5999984741211,83.5,83.5999984741211,NATIONALUM,83.5999984741211,7428
2023-07-11 12:19:00+05:30,83.5999984741211,83.5999984741211,83.5,83.5,NATIONALUM,83.5,11838
2023-07-11 12:20:00+05:30,83.55000305175781,83.5999984741211,83.5,83.55000305175781,NATIONALUM,83.55000305175781,4670
2023-07-11 12:21:00+05:30,83.5,83.5999984741211,83.5,83.5999984741211,NATIONALUM,83.5999984741211,4337
2023-07-11 12:22:00+05:30,83.55000305175781,83.5999984741211,83.55000305175781,83.5999984741211,NATIONALUM,83.5999984741211,8609
2023-07-11 12:23:00+05:30,83.55000305175781,83.5999984741211,83.5,83.5999984741211,NATIONALUM,83.5999984741211,12811
2023-07-11 12:24:00+05:30,83.5999984741211,83.5999984741211,83.55000305175781,83.5999984741211,NATIONALUM,83.5999984741211,10156
2023-07-11 12:25:00+05:30,83.5999984741211,83.5999984741211,83.5999984741211,83.5999984741211,NATIONALUM,83.5999984741211,2588
2023-07-11 12:26:00+05:30,83.5999984741211,83.5999984741211,83.55000305175781,83.5999984741211,NATIONALUM,83.5999984741211,4527
2023-07-11 12:27:00+05:30,83.55000305175781,83.55000305175781,83.55000305175781,83.55000305175781,NATIONALUM,83.55000305175781,3234
2023-07-11 12:28:00+05:30,83.55000305175781,83.5999984741211,83.55000305175781,83.5999984741211,NATIONALUM,83.5999984741211,7654
2023-07-11 12:29:00+05:30,83.5999984741211,83.6500015258789,83.5999984741211,83.6500015258789,NATIONALUM,83.6500015258789,12119
2023-07-11 12:30:00+05:30,83.5999984741211,83.6500015258789,83.55000305175781,83.5999984741211,NATIONALUM,83.5999984741211,13688
2023-07-11 12:31:00+05:30,83.55000305175781,83.55000305175781,83.5,83.5,NATIONALUM,83.5,2381
2023-07-11 12:32:00+05:30,83.55000305175781,83.55000305175781,83.5,83.55000305175781,NATIONALUM,83.55000305175781,5916
2023-07-11 12:33:00+05:30,83.5,83.55000305175781,83.44999694824219,83.44999694824219,NATIONALUM,83.44999694824219,19580
2023-07-11 12:34:00+05:30,83.44999694824219,83.5,83.44999694824219,83.44999694824219,NATIONALUM,83.44999694824219,1971
2023-07-11 12:35:00+05:30,83.44999694824219,83.5,83.4000015258789,83.4000015258789,NATIONALUM,83.4000015258789,4472
2023-07-11 12:36:00+05:30,83.4000015258789,83.55000305175781,83.4000015258789,83.44999694824219,NATIONALUM,83.44999694824219,26832
2023-07-11 12:37:00+05:30,83.5,83.55000305175781,83.5,83.55000305175781,NATIONALUM,83.55000305175781,7791
2023-07-11 12:38:00+05:30,83.55000305175781,83.55000305175781,83.5,83.55000305175781,NATIONALUM,83.55000305175781,6607
2023-07-11 12:39:00+05:30,83.55000305175781,83.55000305175781,83.44999694824219,83.5,NATIONALUM,83.5,4972
2023-07-11 12:40:00+05:30,83.44999694824219,83.5,83.44999694824219,83.5,NATIONALUM,83.5,3469
2023-07-11 12:41:00+05:30,83.44999694824219,83.44999694824219,83.4000015258789,83.4000015258789,NATIONALUM,83.4000015258789,3453
2023-07-11 12:42:00+05:30,83.44999694824219,83.44999694824219,83.4000015258789,83.4000015258789,NATIONALUM,83.4000015258789,5399
2023-07-11 12:43:00+05:30,83.4000015258789,83.4000015258789,83.3499984741211,83.4000015258789,NATIONALUM,83.4000015258789,22656
2023-07-11 12:44:00+05:30,83.3499984741211,83.4000015258789,83.3499984741211,83.4000015258789,NATIONALUM,83.4000015258789,3767
2023-07-11 12:45:00+05:30,83.4000015258789,83.44999694824219,83.3499984741211,83.3499984741211,NATIONALUM,83.3499984741211,3113
2023-07-11 12:46:00+05:30,83.3499984741211,83.4000015258789,83.3499984741211,83.4000015258789,NATIONALUM,83.4000015258789,4289
2023-07-11 12:47:00+05:30,83.4000015258789,83.4000015258789,83.3499984741211,83.4000015258789,NATIONALUM,83.4000015258789,9374
2023-07-11 12:48:00+05:30,83.3499984741211,83.4000015258789,83.3499984741211,83.4000015258789,NATIONALUM,83.4000015258789,7249
2023-07-11 12:49:00+05:30,83.3499984741211,83.44999694824219,83.3499984741211,83.4000015258789,NATIONALUM,83.4000015258789,13955
2023-07-11 12:50:00+05:30,83.44999694824219,83.5,83.4000015258789,83.5,NATIONALUM,83.5,4092
2023-07-11 12:51:00+05:30,83.5999984741211,83.6500015258789,83.55000305175781,83.6500015258789,NATIONALUM,83.6500015258789,37017
2023-07-11 12:52:00+05:30,83.6500015258789,83.80000305175781,83.6500015258789,83.75,NATIONALUM,83.75,45279
2023-07-11 12:53:00+05:30,83.75,83.8499984741211,83.75,83.8499984741211,NATIONALUM,83.8499984741211,42930
2023-07-11 12:54:00+05:30,83.80000305175781,83.8499984741211,83.75,83.8499984741211,NATIONALUM,83.8499984741211,34540
2023-07-11 12:55:00+05:30,83.80000305175781,83.8499984741211,83.69999694824219,83.75,NATIONALUM,83.75,12686
2023-07-11 12:56:00+05:30,83.69999694824219,83.69999694824219,83.6500015258789,83.6500015258789,NATIONALUM,83.6500015258789,5510
2023-07-11 12:57:00+05:30,83.6500015258789,83.75,83.5999984741211,83.75,NATIONALUM,83.75,31543
2023-07-11 12:58:00+05:30,83.69999694824219,83.69999694824219,83.5999984741211,83.5999984741211,NATIONALUM,83.5999984741211,1837
2023-07-11 12:59:00+05:30,83.5999984741211,83.69999694824219,83.5999984741211,83.69999694824219,NATIONALUM,83.69999694824219,6464
2023-07-11 13:00:00+05:30,83.5999984741211,83.69999694824219,83.5999984741211,83.69999694824219,NATIONALUM,83.69999694824219,3732
2023-07-11 13:01:00+05:30,83.6500015258789,83.69999694824219,83.6500015258789,83.6500015258789,NATIONALUM,83.6500015258789,4243
2023-07-11 13:02:00+05:30,83.6500015258789,83.69999694824219,83.5999984741211,83.5999984741211,NATIONALUM,83.5999984741211,3925
2023-07-11 13:03:00+05:30,83.5999984741211,83.6500015258789,83.5999984741211,83.6500015258789,NATIONALUM,83.6500015258789,3388
2023-07-11 13:04:00+05:30,83.5999984741211,83.6500015258789,83.55000305175781,83.6500015258789,NATIONALUM,83.6500015258789,8529
2023-07-11 13:05:00+05:30,83.5999984741211,83.6500015258789,83.55000305175781,83.55000305175781,NATIONALUM,83.55000305175781,8464
2023-07-11 13:06:00+05:30,83.55000305175781,83.5999984741211,83.55000305175781,83.5999984741211,NATIONALUM,83.5999984741211,2256
2023-07-11 13:07:00+05:30,83.5999984741211,83.5999984741211,83.55000305175781,83.55000305175781,NATIONALUM,83.55000305175781,6857
2023-07-11 13:08:00+05:30,83.5999984741211,83.5999984741211,83.55000305175781,83.55000305175781,NATIONALUM,83.55000305175781,1581
2023-07-11 13:09:00+05:30,83.55000305175781,83.5999984741211,83.55000305175781,83.5999984741211,NATIONALUM,83.5999984741211,3612
2023-07-11 13:10:00+05:30,83.55000305175781,83.55000305175781,83.5,83.55000305175781,NATIONALUM,83.55000305175781,3636
2023-07-11 13:11:00+05:30,83.55000305175781,83.5999984741211,83.55000305175781,83.5999984741211,NATIONALUM,83.5999984741211,4749
2023-07-11 13:12:00+05:30,83.55000305175781,83.5999984741211,83.55000305175781,83.5999984741211,NATIONALUM,83.5999984741211,3507
2023-07-11 13:13:00+05:30,83.55000305175781,83.5999984741211,83.5,83.5,NATIONALUM,83.5,3978
2023-07-11 13:14:00+05:30,83.5,83.5999984741211,83.5,83.5999984741211,NATIONALUM,83.5999984741211,4977
2023-07-11 13:15:00+05:30,83.55000305175781,83.55000305175781,83.5,83.55000305175781,NATIONALUM,83.55000305175781,4300
2023-07-11 13:16:00+05:30,83.55000305175781,83.55000305175781,83.5,83.55000305175781,NATIONALUM,83.55000305175781,5212
2023-07-11 13:17:00+05:30,83.55000305175781,83.6500015258789,83.5,83.5999984741211,NATIONALUM,83.5999984741211,12722
2023-07-11 13:18:00+05:30,83.55000305175781,83.6500015258789,83.55000305175781,83.6500015258789,NATIONALUM,83.6500015258789,7707
2023-07-11 13:19:00+05:30,83.6500015258789,83.6500015258789,83.5999984741211,83.6500015258789,NATIONALUM,83.6500015258789,10891
2023-07-11 13:20:00+05:30,83.6500015258789,83.6500015258789,83.55000305175781,83.6500015258789,NATIONALUM,83.6500015258789,12165
2023-07-11 13:21:00+05:30,83.5999984741211,83.6500015258789,83.5999984741211,83.6500015258789,NATIONALUM,83.6500015258789,3358
2023-07-11 13:22:00+05:30,83.5999984741211,83.6500015258789,83.5999984741211,83.5999984741211,NATIONALUM,83.5999984741211,4946
2023-07-11 13:23:00+05:30,83.6500015258789,83.6500015258789,83.5999984741211,83.5999984741211,NATIONALUM,83.5999984741211,5276
2023-07-11 13:24:00+05:30,83.5999984741211,83.5999984741211,83.55000305175781,83.55000305175781,NATIONALUM,83.55000305175781,6232
2023-07-11 13:25:00+05:30,83.55000305175781,83.6500015258789,83.55000305175781,83.5999984741211,NATIONALUM,83.5999984741211,4109
2023-07-11 13:26:00+05:30,83.5999984741211,83.6500015258789,83.55000305175781,83.5999984741211,NATIONALUM,83.5999984741211,14882
2023-07-11 13:27:00+05:30,83.5999984741211,83.5999984741211,83.5999984741211,83.5999984741211,NATIONALUM,83.5999984741211,8592
2023-07-11 13:28:00+05:30,83.55000305175781,83.5999984741211,83.5,83.5999984741211,NATIONALUM,83.5999984741211,6780
2023-07-11 13:29:00+05:30,83.5999984741211,83.5999984741211,83.5,83.55000305175781,NATIONALUM,83.55000305175781,3603
2023-07-11 13:30:00+05:30,83.5,83.5999984741211,83.5,83.55000305175781,NATIONALUM,83.55000305175781,3001
2023-07-11 13:31:00+05:30,83.55000305175781,83.55000305175781,83.5,83.5,NATIONALUM,83.5,3804
2023-07-11 13:32:00+05:30,83.5,83.5999984741211,83.5,83.5999984741211,NATIONALUM,83.5999984741211,31825
2023-07-11 13:33:00+05:30,83.55000305175781,83.5999984741211,83.5,83.5,NATIONALUM,83.5,5425
2023-07-11 13:34:00+05:30,83.55000305175781,83.5999984741211,83.5,83.5,NATIONALUM,83.5,5445
2023-07-11 13:35:00+05:30,83.5999984741211,83.5999984741211,83.5,83.55000305175781,NATIONALUM,83.55000305175781,5373
2023-07-11 13:36:00+05:30,83.55000305175781,83.5999984741211,83.5,83.5999984741211,NATIONALUM,83.5999984741211,9827
2023-07-11 13:37:00+05:30,83.5,83.5999984741211,83.5,83.5999984741211,NATIONALUM,83.5999984741211,32221
2023-07-11 13:38:00+05:30,83.6500015258789,83.6500015258789,83.5999984741211,83.6500015258789,NATIONALUM,83.6500015258789,1601
2023-07-11 13:39:00+05:30,83.5999984741211,83.6500015258789,83.5999984741211,83.5999984741211,NATIONALUM,83.5999984741211,3502
2023-07-11 13:40:00+05:30,83.5999984741211,83.75,83.5999984741211,83.75,NATIONALUM,83.75,30026
2023-07-11 13:41:00+05:30,83.69999694824219,83.75,83.69999694824219,83.69999694824219,NATIONALUM,83.69999694824219,21545
2023-07-11 13:42:00+05:30,83.6500015258789,83.75,83.6500015258789,83.69999694824219,NATIONALUM,83.69999694824219,9602
2023-07-11 13:43:00+05:30,83.6500015258789,83.6500015258789,83.55000305175781,83.5999984741211,NATIONALUM,83.5999984741211,16650
2023-07-11 13:44:00+05:30,83.55000305175781,83.6500015258789,83.55000305175781,83.6500015258789,NATIONALUM,83.6500015258789,4671
2023-07-11 13:45:00+05:30,83.55000305175781,83.55000305175781,83.55000305175781,83.55000305175781,NATIONALUM,83.55000305175781,3750
2023-07-11 13:46:00+05:30,83.55000305175781,83.5999984741211,83.55000305175781,83.55000305175781,NATIONALUM,83.55000305175781,13188
2023-07-11 13:47:00+05:30,83.55000305175781,83.5999984741211,83.55000305175781,83.5999984741211,NATIONALUM,83.5999984741211,3061
2023-07-11 13:48:00+05:30,83.55000305175781,83.5999984741211,83.55000305175781,83.5999984741211,NATIONALUM,83.5999984741211,4004
2023-07-11 13:49:00+05:30,83.55000305175781,83.5999984741211,83.5,83.55000305175781,NATIONALUM,83.55000305175781,4061
2023-07-11 13:50:00+05:30,83.55000305175781,83.55000305175781,83.5,83.5,NATIONALUM,83.5,3662
2023-07-11 13:51:00+05:30,83.55000305175781,83.55000305175781,83.44999694824219,83.44999694824219,NATIONALUM,83.44999694824219,4746
2023-07-11 13:52:00+05:30,83.44999694824219,83.44999694824219,83.4000015258789,83.44999694824219,NATIONALUM,83.44999694824219,6451
2023-07-11 13:53:00+05:30,83.44999694824219,83.5,83.4000015258789,83.4000015258789,NATIONALUM,83.4000015258789,3204
2023-07-11 13:54:00+05:30,83.44999694824219,83.5,83.4000015258789,83.5,NATIONALUM,83.5,7569
2023-07-11 13:55:00+05:30,83.44999694824219,83.5,83.4000015258789,83.44999694824219,NATIONALUM,83.44999694824219,4932
2023-07-11 13:56:00+05:30,83.44999694824219,83.5,83.4000015258789,83.4000015258789,NATIONALUM,83.4000015258789,5154
2023-07-11 13:57:00+05:30,83.4000015258789,83.5,83.4000015258789,83.44999694824219,NATIONALUM,83.44999694824219,3649
2023-07-11 13:58:00+05:30,83.5,83.5,83.44999694824219,83.5,NATIONALUM,83.5,4812
2023-07-11 13:59:00+05:30,83.5,83.5,83.44999694824219,83.5,NATIONALUM,83.5,4008
2023-07-11 14:00:00+05:30,83.5,83.5999984741211,83.5,83.5999984741211,NATIONALUM,83.5999984741211,27383
2023-07-11 14:01:00+05:30,83.5,83.5999984741211,83.5,83.5,NATIONALUM,83.5,2764
2023-07-11 14:02:00+05:30,83.55000305175781,83.5999984741211,83.5,83.5,NATIONALUM,83.5,3557
2023-07-11 14:03:00+05:30,83.5,83.55000305175781,83.5,83.55000305175781,NATIONALUM,83.55000305175781,6492
2023-07-11 14:04:00+05:30,83.55000305175781,83.55000305175781,83.5,83.5,NATIONALUM,83.5,3384
2023-07-11 14:05:00+05:30,83.55000305175781,83.55000305175781,83.5,83.55000305175781,NATIONALUM,83.55000305175781,1627
2023-07-11 14:06:00+05:30,83.55000305175781,83.5999984741211,83.5,83.5999984741211,NATIONALUM,83.5999984741211,9994
2023-07-11 14:07:00+05:30,83.5999984741211,83.6500015258789,83.5999984741211,83.5999984741211,NATIONALUM,83.5999984741211,24565
2023-07-11 14:08:00+05:30,83.5,83.55000305175781,83.5,83.55000305175781,NATIONALUM,83.55000305175781,3705
2023-07-11 14:09:00+05:30,83.5,83.55000305175781,83.44999694824219,83.5,NATIONALUM,83.5,5811
2023-07-11 14:10:00+05:30,83.44999694824219,83.5,83.44999694824219,83.44999694824219,NATIONALUM,83.44999694824219,9115
2023-07-11 14:11:00+05:30,83.4000015258789,83.44999694824219,83.4000015258789,83.44999694824219,NATIONALUM,83.44999694824219,3986
2023-07-11 14:12:00+05:30,83.44999694824219,83.5,83.4000015258789,83.5,NATIONALUM,83.5,14799
2023-07-11 14:13:00+05:30,83.55000305175781,83.55000305175781,83.44999694824219,83.44999694824219,NATIONALUM,83.44999694824219,1675
2023-07-11 14:14:00+05:30,83.44999694824219,83.5,83.44999694824219,83.44999694824219,NATIONALUM,83.44999694824219,7068
2023-07-11 14:15:00+05:30,83.44999694824219,83.5,83.4000015258789,83.44999694824219,NATIONALUM,83.44999694824219,17741
2023-07-11 14:16:00+05:30,83.4000015258789,83.44999694824219,83.3499984741211,83.4000015258789,NATIONALUM,83.4000015258789,12697
2023-07-11 14:17:00+05:30,83.4000015258789,83.4000015258789,83.3499984741211,83.4000015258789,NATIONALUM,83.4000015258789,12497
2023-07-11 14:18:00+05:30,83.4000015258789,83.44999694824219,83.4000015258789,83.44999694824219,NATIONALUM,83.44999694824219,4022
2023-07-11 14:19:00+05:30,83.4000015258789,83.44999694824219,83.3499984741211,83.4000015258789,NATIONALUM,83.4000015258789,12631
2023-07-11 14:20:00+05:30,83.4000015258789,83.44999694824219,83.3499984741211,83.3499984741211,NATIONALUM,83.3499984741211,4569
2023-07-11 14:21:00+05:30,83.4000015258789,83.44999694824219,83.3499984741211,83.4000015258789,NATIONALUM,83.4000015258789,4368
2023-07-11 14:22:00+05:30,83.3499984741211,83.44999694824219,83.3499984741211,83.44999694824219,NATIONALUM,83.44999694824219,13700
2023-07-11 14:23:00+05:30,83.4000015258789,83.44999694824219,83.3499984741211,83.44999694824219,NATIONALUM,83.44999694824219,5036
2023-07-11 14:24:00+05:30,83.4000015258789,83.4000015258789,83.3499984741211,83.4000015258789,NATIONALUM,83.4000015258789,12635
2023-07-11 14:25:00+05:30,83.4000015258789,83.44999694824219,83.4000015258789,83.44999694824219,NATIONALUM,83.44999694824219,8569
2023-07-11 14:26:00+05:30,83.44999694824219,83.5,83.44999694824219,83.5,NATIONALUM,83.5,8323
2023-07-11 14:27:00+05:30,83.4000015258789,83.5,83.4000015258789,83.4000015258789,NATIONALUM,83.4000015258789,3751
2023-07-11 14:28:00+05:30,83.4000015258789,83.5,83.4000015258789,83.5,NATIONALUM,83.5,5612
2023-07-11 14:29:00+05:30,83.4000015258789,83.55000305175781,83.4000015258789,83.55000305175781,NATIONALUM,83.55000305175781,13260
2023-07-11 14:30:00+05:30,83.5,83.55000305175781,83.5,83.55000305175781,NATIONALUM,83.55000305175781,6025
2023-07-11 14:31:00+05:30,83.55000305175781,83.55000305175781,83.5,83.55000305175781,NATIONALUM,83.55000305175781,5293
2023-07-11 14:32:00+05:30,83.55000305175781,83.55000305175781,83.4000015258789,83.4000015258789,NATIONALUM,83.4000015258789,9788
2023-07-11 14:33:00+05:30,83.4000015258789,83.44999694824219,83.4000015258789,83.4000015258789,NATIONALUM,83.4000015258789,5037
2023-07-11 14:34:00+05:30,83.4000015258789,83.5,83.4000015258789,83.5,NATIONALUM,83.5,8473
2023-07-11 14:35:00+05:30,83.4000015258789,83.5,83.4000015258789,83.44999694824219,NATIONALUM,83.44999694824219,7746
2023-07-11 14:36:00+05:30,83.5,83.55000305175781,83.44999694824219,83.55000305175781,NATIONALUM,83.55000305175781,32934
2023-07-11 14:37:00+05:30,83.55000305175781,83.5999984741211,83.5,83.5,NATIONALUM,83.5,9150
2023-07-11 14:38:00+05:30,83.5,83.55000305175781,83.5,83.55000305175781,NATIONALUM,83.55000305175781,5799
2023-07-11 14:39:00+05:30,83.55000305175781,83.55000305175781,83.44999694824219,83.44999694824219,NATIONALUM,83.44999694824219,3994
2023-07-11 14:40:00+05:30,83.44999694824219,83.55000305175781,83.44999694824219,83.44999694824219,NATIONALUM,83.44999694824219,4269
2023-07-11 14:41:00+05:30,83.44999694824219,83.5,83.4000015258789,83.44999694824219,NATIONALUM,83.44999694824219,6484
2023-07-11 14:42:00+05:30,83.44999694824219,83.55000305175781,83.44999694824219,83.5,NATIONALUM,83.5,5499
2023-07-11 14:43:00+05:30,83.5,83.5,83.4000015258789,83.4000015258789,NATIONALUM,83.4000015258789,3990
2023-07-11 14:44:00+05:30,83.4000015258789,83.4000015258789,83.4000015258789,83.4000015258789,NATIONALUM,83.4000015258789,6884
2023-07-11 14:45:00+05:30,83.4000015258789,83.44999694824219,83.3499984741211,83.44999694824219,NATIONALUM,83.44999694824219,7177
2023-07-11 14:46:00+05:30,83.44999694824219,83.44999694824219,83.4000015258789,83.4000015258789,NATIONALUM,83.4000015258789,7656
2023-07-11 14:47:00+05:30,83.3499984741211,83.4000015258789,83.3499984741211,83.3499984741211,NATIONALUM,83.3499984741211,3490
2023-07-11 14:48:00+05:30,83.44999694824219,83.44999694824219,83.3499984741211,83.3499984741211,NATIONALUM,83.3499984741211,6267
2023-07-11 14:49:00+05:30,83.3499984741211,83.4000015258789,83.3499984741211,83.3499984741211,NATIONALUM,83.3499984741211,30567
2023-07-11 14:50:00+05:30,83.30000305175781,83.4000015258789,83.30000305175781,83.4000015258789,NATIONALUM,83.4000015258789,4651
2023-07-11 14:51:00+05:30,83.4000015258789,83.4000015258789,83.3499984741211,83.4000015258789,NATIONALUM,83.4000015258789,14574
2023-07-11 14:52:00+05:30,83.3499984741211,83.44999694824219,83.3499984741211,83.4000015258789,NATIONALUM,83.4000015258789,6685
2023-07-11 14:53:00+05:30,83.4000015258789,83.4000015258789,83.3499984741211,83.3499984741211,NATIONALUM,83.3499984741211,4132
2023-07-11 14:54:00+05:30,83.3499984741211,83.3499984741211,83.3499984741211,83.3499984741211,NATIONALUM,83.3499984741211,3552
2023-07-11 14:55:00+05:30,83.4000015258789,83.4000015258789,83.3499984741211,83.3499984741211,NATIONALUM,83.3499984741211,4387
2023-07-11 14:56:00+05:30,83.3499984741211,83.4000015258789,83.3499984741211,83.3499984741211,NATIONALUM,83.3499984741211,3821
2023-07-11 14:57:00+05:30,83.3499984741211,83.4000015258789,83.3499984741211,83.3499984741211,NATIONALUM,83.3499984741211,5372
2023-07-11 14:58:00+05:30,83.4000015258789,83.4000015258789,83.3499984741211,83.4000015258789,NATIONALUM,83.4000015258789,4066
2023-07-11 14:59:00+05:30,83.3499984741211,83.44999694824219,83.3499984741211,83.44999694824219,NATIONALUM,83.44999694824219,13550
2023-07-11 15:00:00+05:30,83.44999694824219,83.5,83.4000015258789,83.5,NATIONALUM,83.5,37502
2023-07-11 15:01:00+05:30,83.5,83.5999984741211,83.5,83.5999984741211,NATIONALUM,83.5999984741211,36266
2023-07-11 15:02:00+05:30,83.55000305175781,83.5999984741211,83.5,83.5,NATIONALUM,83.5,36110
2023-07-11 15:03:00+05:30,83.5,83.55000305175781,83.5,83.5,NATIONALUM,83.5,2227
2023-07-11 15:04:00+05:30,83.55000305175781,83.55000305175781,83.5,83.5,NATIONALUM,83.5,6623
2023-07-11 15:05:00+05:30,83.55000305175781,83.55000305175781,83.5,83.5,NATIONALUM,83.5,9813
2023-07-11 15:06:00+05:30,83.5,83.5,83.44999694824219,83.44999694824219,NATIONALUM,83.44999694824219,28916
2023-07-11 15:07:00+05:30,83.5,83.5,83.4000015258789,83.4000015258789,NATIONALUM,83.4000015258789,42631
2023-07-11 15:08:00+05:30,83.4000015258789,83.4000015258789,83.3499984741211,83.4000015258789,NATIONALUM,83.4000015258789,18546
2023-07-11 15:09:00+05:30,83.44999694824219,83.44999694824219,83.4000015258789,83.44999694824219,NATIONALUM,83.44999694824219,20407
2023-07-11 15:10:00+05:30,83.44999694824219,83.44999694824219,83.4000015258789,83.44999694824219,NATIONALUM,83.44999694824219,11878
2023-07-11 15:11:00+05:30,83.44999694824219,83.44999694824219,83.3499984741211,83.3499984741211,NATIONALUM,83.3499984741211,15874
2023-07-11 15:12:00+05:30,83.3499984741211,83.4000015258789,83.3499984741211,83.4000015258789,NATIONALUM,83.4000015258789,23887
2023-07-11 15:13:00+05:30,83.4000015258789,83.44999694824219,83.4000015258789,83.44999694824219,NATIONALUM,83.44999694824219,22330
2023-07-11 15:14:00+05:30,83.4000015258789,83.5,83.4000015258789,83.5,NATIONALUM,83.5,16057
2023-07-11 15:15:00+05:30,83.5,83.55000305175781,83.44999694824219,83.55000305175781,NATIONALUM,83.55000305175781,30064
2023-07-11 15:16:00+05:30,83.55000305175781,83.55000305175781,83.44999694824219,83.55000305175781,NATIONALUM,83.55000305175781,59115
2023-07-11 15:17:00+05:30,83.55000305175781,83.55000305175781,83.5,83.5,NATIONALUM,83.5,10450
2023-07-11 15:18:00+05:30,83.5,83.55000305175781,83.5,83.55000305175781,NATIONALUM,83.55000305175781,25607
2023-07-11 15:19:00+05:30,83.55000305175781,83.55000305175781,83.5,83.5,NATIONALUM,83.5,36152
2023-07-11 15:20:00+05:30,83.55000305175781,83.55000305175781,83.5,83.55000305175781,NATIONALUM,83.55000305175781,62989
2023-07-11 15:21:00+05:30,83.55000305175781,83.55000305175781,83.55000305175781,83.55000305175781,NATIONALUM,83.55000305175781,11622
2023-07-11 15:22:00+05:30,83.5,83.55000305175781,83.5,83.5,NATIONALUM,83.5,17005
2023-07-11 15:23:00+05:30,83.55000305175781,83.55000305175781,83.5,83.55000305175781,NATIONALUM,83.55000305175781,15844
2023-07-11 15:24:00+05:30,83.55000305175781,83.55000305175781,83.5,83.55000305175781,NATIONALUM,83.55000305175781,35680
2023-07-11 15:25:00+05:30,83.5,83.5999984741211,83.5,83.5999984741211,NATIONALUM,83.5999984741211,59987
2023-07-11 15:26:00+05:30,83.5999984741211,83.6500015258789,83.55000305175781,83.5999984741211,NATIONALUM,83.5999984741211,28419
2023-07-11 15:27:00+05:30,83.5999984741211,83.6500015258789,83.55000305175781,83.55000305175781,NATIONALUM,83.55000305175781,19205
2023-07-11 15:28:00+05:30,83.55000305175781,83.6500015258789,83.5,83.5999984741211,NATIONALUM,83.5999984741211,51263
2023-07-11 15:29:00+05:30,83.55000305175781,83.6500015258789,83.55000305175781,83.5999984741211,NATIONALUM,83.5999984741211,19335
2023-07-12 09:15:00+05:30,83.69999694824219,83.80000305175781,83.55000305175781,83.75,NATIONALUM,83.75,0
2023-07-12 09:16:00+05:30,83.9000015258789,83.94999694824219,83.69999694824219,83.75,NATIONALUM,83.75,37724
2023-07-12 09:17:00+05:30,83.80000305175781,83.94999694824219,83.80000305175781,83.80000305175781,NATIONALUM,83.80000305175781,26894
2023-07-12 09:18:00+05:30,83.9000015258789,84.0,83.9000015258789,83.9000015258789,NATIONALUM,83.9000015258789,51985
2023-07-12 09:19:00+05:30,83.9000015258789,84.05000305175781,83.9000015258789,83.9000015258789,NATIONALUM,83.9000015258789,73078
2023-07-12 09:20:00+05:30,83.9000015258789,83.94999694824219,83.75,83.75,NATIONALUM,83.75,43733
2023-07-12 09:21:00+05:30,83.75,83.80000305175781,83.75,83.75,NATIONALUM,83.75,16289
2023-07-12 09:22:00+05:30,83.80000305175781,83.80000305175781,83.69999694824219,83.75,NATIONALUM,83.75,12368
2023-07-12 09:23:00+05:30,83.75,83.75,83.5999984741211,83.69999694824219,NATIONALUM,83.69999694824219,16223
2023-07-12 09:24:00+05:30,83.69999694824219,83.69999694824219,83.6500015258789,83.69999694824219,NATIONALUM,83.69999694824219,3551
2023-07-12 09:25:00+05:30,83.5999984741211,83.6500015258789,83.5999984741211,83.6500015258789,NATIONALUM,83.6500015258789,45085
2023-07-12 09:26:00+05:30,83.6500015258789,83.6500015258789,83.55000305175781,83.55000305175781,NATIONALUM,83.55000305175781,5006
2023-07-12 09:28:00+05:30,83.5999984741211,83.75,83.5999984741211,83.75,NATIONALUM,83.75,9492
2023-07-12 09:29:00+05:30,83.69999694824219,83.69999694824219,83.5999984741211,83.5999984741211,NATIONALUM,83.5999984741211,27394
2023-07-12 09:30:00+05:30,83.69999694824219,83.69999694824219,83.6500015258789,83.69999694824219,NATIONALUM,83.69999694824219,18083
2023-07-12 09:31:00+05:30,83.69999694824219,83.80000305175781,83.69999694824219,83.75,NATIONALUM,83.75,11545
2023-07-12 09:32:00+05:30,83.75,83.75,83.6500015258789,83.6500015258789,NATIONALUM,83.6500015258789,9208
2023-07-12 09:33:00+05:30,83.69999694824219,83.69999694824219,83.6500015258789,83.69999694824219,NATIONALUM,83.69999694824219,4552
2023-07-12 09:34:00+05:30,83.6500015258789,83.69999694824219,83.5999984741211,83.69999694824219,NATIONALUM,83.69999694824219,4881
2023-07-12 09:35:00+05:30,83.6500015258789,83.6500015258789,83.5999984741211,83.6500015258789,NATIONALUM,83.6500015258789,19114
2023-07-12 09:36:00+05:30,83.6500015258789,83.6500015258789,83.55000305175781,83.5999984741211,NATIONALUM,83.5999984741211,8820
2023-07-12 09:37:00+05:30,83.6500015258789,83.6500015258789,83.55000305175781,83.55000305175781,NATIONALUM,83.55000305175781,5984
2023-07-12 09:38:00+05:30,83.6500015258789,83.6500015258789,83.5,83.55000305175781,NATIONALUM,83.55000305175781,31138
2023-07-12 09:39:00+05:30,83.55000305175781,83.5999984741211,83.5,83.55000305175781,NATIONALUM,83.55000305175781,8456
2023-07-12 09:40:00+05:30,83.55000305175781,83.5999984741211,83.55000305175781,83.55000305175781,NATIONALUM,83.55000305175781,6462
2023-07-12 09:41:00+05:30,83.5999984741211,83.5999984741211,83.55000305175781,83.5999984741211,NATIONALUM,83.5999984741211,2520
2023-07-12 09:42:00+05:30,83.5999984741211,83.6500015258789,83.55000305175781,83.6500015258789,NATIONALUM,83.6500015258789,4907
2023-07-12 09:43:00+05:30,83.6500015258789,83.6500015258789,83.55000305175781,83.5999984741211,NATIONALUM,83.5999984741211,9660
2023-07-12 09:44:00+05:30,83.5999984741211,83.80000305175781,83.5999984741211,83.75,NATIONALUM,83.75,21573
2023-07-12 09:45:00+05:30,83.75,83.80000305175781,83.69999694824219,83.69999694824219,NATIONALUM,83.69999694824219,12836
2023-07-12 09:46:00+05:30,83.69999694824219,83.69999694824219,83.5999984741211,83.6500015258789,NATIONALUM,83.6500015258789,8860
2023-07-12 09:47:00+05:30,83.5999984741211,83.69999694824219,83.55000305175781,83.69999694824219,NATIONALUM,83.69999694824219,10313
2023-07-12 09:48:00+05:30,83.6500015258789,83.69999694824219,83.5999984741211,83.5999984741211,NATIONALUM,83.5999984741211,23194
2023-07-12 09:49:00+05:30,83.6500015258789,83.69999694824219,83.5999984741211,83.5999984741211,NATIONALUM,83.5999984741211,7140
2023-07-12 09:50:00+05:30,83.5999984741211,83.69999694824219,83.5999984741211,83.5999984741211,NATIONALUM,83.5999984741211,5430
2023-07-12 09:51:00+05:30,83.6500015258789,83.6500015258789,83.5999984741211,83.6500015258789,NATIONALUM,83.6500015258789,1466
2023-07-12 09:52:00+05:30,83.5999984741211,83.6500015258789,83.5999984741211,83.5999984741211,NATIONALUM,83.5999984741211,7346
2023-07-12 09:53:00+05:30,83.55000305175781,83.6500015258789,83.55000305175781,83.6500015258789,NATIONALUM,83.6500015258789,14652
2023-07-12 09:54:00+05:30,83.6500015258789,83.6500015258789,83.55000305175781,83.5999984741211,NATIONALUM,83.5999984741211,17063
2023-07-12 09:55:00+05:30,83.6500015258789,83.6500015258789,83.6500015258789,83.6500015258789,NATIONALUM,83.6500015258789,2156
2023-07-12 09:56:00+05:30,83.5999984741211,83.6500015258789,83.55000305175781,83.55000305175781,NATIONALUM,83.55000305175781,10917
2023-07-12 09:57:00+05:30,83.5999984741211,83.6500015258789,83.55000305175781,83.5999984741211,NATIONALUM,83.5999984741211,1546
2023-07-12 09:58:00+05:30,83.5999984741211,83.69999694824219,83.5999984741211,83.69999694824219,NATIONALUM,83.69999694824219,17425
2023-07-12 09:59:00+05:30,83.5999984741211,83.69999694824219,83.5999984741211,83.69999694824219,NATIONALUM,83.69999694824219,3697
2023-07-12 10:00:00+05:30,83.6500015258789,83.69999694824219,83.6500015258789,83.6500015258789,NATIONALUM,83.6500015258789,3323
2023-07-12 10:01:00+05:30,83.6500015258789,83.6500015258789,83.5,83.55000305175781,NATIONALUM,83.55000305175781,49279
2023-07-12 10:02:00+05:30,83.55000305175781,83.5999984741211,83.55000305175781,83.5999984741211,NATIONALUM,83.5999984741211,2457
2023-07-12 10:03:00+05:30,83.5999984741211,83.5999984741211,83.5,83.5999984741211,NATIONALUM,83.5999984741211,2529
2023-07-12 10:04:00+05:30,83.5999984741211,83.5999984741211,83.55000305175781,83.55000305175781,NATIONALUM,83.55000305175781,664
2023-07-12 10:05:00+05:30,83.55000305175781,83.5999984741211,83.5,83.55000305175781,NATIONALUM,83.55000305175781,5987
2023-07-12 10:06:00+05:30,83.5,83.6500015258789,83.5,83.6500015258789,NATIONALUM,83.6500015258789,133482
2023-07-12 10:07:00+05:30,83.69999694824219,83.75,83.69999694824219,83.69999694824219,NATIONALUM,83.69999694824219,23855
2023-07-12 10:08:00+05:30,83.69999694824219,83.75,83.69999694824219,83.75,NATIONALUM,83.75,3782
2023-07-12 10:09:00+05:30,83.75,83.75,83.69999694824219,83.75,NATIONALUM,83.75,1470
2023-07-12 10:10:00+05:30,83.75,83.75,83.69999694824219,83.69999694824219,NATIONALUM,83.69999694824219,1307
2023-07-12 10:11:00+05:30,83.75,83.80000305175781,83.69999694824219,83.80000305175781,NATIONALUM,83.80000305175781,28133
2023-07-12 10:12:00+05:30,83.80000305175781,83.8499984741211,83.75,83.80000305175781,NATIONALUM,83.80000305175781,29149
2023-07-12 10:13:00+05:30,83.80000305175781,83.80000305175781,83.80000305175781,83.80000305175781,NATIONALUM,83.80000305175781,604
2023-07-12 10:14:00+05:30,83.80000305175781,83.8499984741211,83.75,83.75,NATIONALUM,83.75,7699
2023-07-12 10:15:00+05:30,83.8499984741211,83.8499984741211,83.75,83.75,NATIONALUM,83.75,3450
2023-07-12 10:16:00+05:30,83.75,83.80000305175781,83.75,83.75,NATIONALUM,83.75,6048
2023-07-12 10:17:00+05:30,83.80000305175781,83.80000305175781,83.75,83.75,NATIONALUM,83.75,6648
2023-07-12 10:18:00+05:30,83.80000305175781,83.80000305175781,83.69999694824219,83.69999694824219,NATIONALUM,83.69999694824219,8147
2023-07-12 10:19:00+05:30,83.69999694824219,83.75,83.6500015258789,83.6500015258789,NATIONALUM,83.6500015258789,9505
2023-07-12 10:20:00+05:30,83.6500015258789,83.6500015258789,83.55000305175781,83.5999984741211,NATIONALUM,83.5999984741211,15118
2023-07-12 10:21:00+05:30,83.55000305175781,83.6500015258789,83.55000305175781,83.55000305175781,NATIONALUM,83.55000305175781,9813
2023-07-12 10:22:00+05:30,83.5999984741211,83.6500015258789,83.5999984741211,83.6500015258789,NATIONALUM,83.6500015258789,4654
2023-07-12 10:23:00+05:30,83.5999984741211,83.6500015258789,83.55000305175781,83.5999984741211,NATIONALUM,83.5999984741211,7715
2023-07-12 10:24:00+05:30,83.5999984741211,83.6500015258789,83.5999984741211,83.6500015258789,NATIONALUM,83.6500015258789,3597
2023-07-12 10:25:00+05:30,83.6500015258789,83.69999694824219,83.6500015258789,83.69999694824219,NATIONALUM,83.69999694824219,1101
2023-07-12 10:26:00+05:30,83.6500015258789,83.69999694824219,83.6500015258789,83.6500015258789,NATIONALUM,83.6500015258789,6333
2023-07-12 10:27:00+05:30,83.6500015258789,83.69999694824219,83.5999984741211,83.6500015258789,NATIONALUM,83.6500015258789,2065
2023-07-12 10:28:00+05:30,83.5999984741211,83.6500015258789,83.55000305175781,83.6500015258789,NATIONALUM,83.6500015258789,16118
2023-07-12 10:29:00+05:30,83.55000305175781,83.69999694824219,83.55000305175781,83.5999984741211,NATIONALUM,83.5999984741211,4232
2023-07-12 10:30:00+05:30,83.69999694824219,83.69999694824219,83.5999984741211,83.5999984741211,NATIONALUM,83.5999984741211,25658
2023-07-12 10:31:00+05:30,83.5999984741211,83.69999694824219,83.5999984741211,83.69999694824219,NATIONALUM,83.69999694824219,9936
2023-07-12 10:32:00+05:30,83.69999694824219,83.69999694824219,83.5999984741211,83.69999694824219,NATIONALUM,83.69999694824219,10717
2023-07-12 10:33:00+05:30,83.6500015258789,83.69999694824219,83.6500015258789,83.69999694824219,NATIONALUM,83.69999694824219,6836
2023-07-12 10:34:00+05:30,83.69999694824219,83.75,83.69999694824219,83.75,NATIONALUM,83.75,3560
2023-07-12 10:35:00+05:30,83.75,83.75,83.69999694824219,83.69999694824219,NATIONALUM,83.69999694824219,3574
2023-07-12 10:36:00+05:30,83.69999694824219,83.75,83.69999694824219,83.69999694824219,NATIONALUM,83.69999694824219,6768
2023-07-12 10:37:00+05:30,83.6500015258789,83.69999694824219,83.6500015258789,83.69999694824219,NATIONALUM,83.69999694824219,875
2023-07-12 10:38:00+05:30,83.6500015258789,83.69999694824219,83.6500015258789,83.69999694824219,NATIONALUM,83.69999694824219,3212
2023-07-12 10:39:00+05:30,83.69999694824219,83.69999694824219,83.6500015258789,83.69999694824219,NATIONALUM,83.69999694824219,2047
2023-07-12 10:40:00+05:30,83.69999694824219,83.69999694824219,83.6500015258789,83.69999694824219,NATIONALUM,83.69999694824219,3851
2023-07-12 10:41:00+05:30,83.69999694824219,83.69999694824219,83.69999694824219,83.69999694824219,NATIONALUM,83.69999694824219,898
2023-07-12 10:42:00+05:30,83.6500015258789,83.69999694824219,83.6500015258789,83.6500015258789,NATIONALUM,83.6500015258789,714
2023-07-12 10:43:00+05:30,83.6500015258789,83.69999694824219,83.6500015258789,83.69999694824219,NATIONALUM,83.69999694824219,2573
2023-07-12 10:44:00+05:30,83.69999694824219,83.69999694824219,83.6500015258789,83.6500015258789,NATIONALUM,83.6500015258789,1798
2023-07-12 10:45:00+05:30,83.69999694824219,83.69999694824219,83.6500015258789,83.69999694824219,NATIONALUM,83.69999694824219,0
2023-07-12 10:46:00+05:30,83.69999694824219,83.75,83.69999694824219,83.75,NATIONALUM,83.75,23572
2023-07-12 10:47:00+05:30,83.75,83.80000305175781,83.75,83.75,NATIONALUM,83.75,22745
2023-07-12 10:48:00+05:30,83.69999694824219,83.69999694824219,83.69999694824219,83.69999694824219,NATIONALUM,83.69999694824219,1029
2023-07-12 10:49:00+05:30,83.75,83.80000305175781,83.75,83.75,NATIONALUM,83.75,4645
2023-07-12 10:50:00+05:30,83.80000305175781,83.80000305175781,83.75,83.80000305175781,NATIONALUM,83.80000305175781,1394
2023-07-12 10:51:00+05:30,83.75,83.80000305175781,83.69999694824219,83.69999694824219,NATIONALUM,83.69999694824219,16315
2023-07-12 10:52:00+05:30,83.6500015258789,83.8499984741211,83.6500015258789,83.8499984741211,NATIONALUM,83.8499984741211,185633
2023-07-12 10:53:00+05:30,83.8499984741211,83.94999694824219,83.80000305175781,83.94999694824219,NATIONALUM,83.94999694824219,21989
2023-07-12 10:54:00+05:30,83.9000015258789,84.0,83.9000015258789,84.0,NATIONALUM,84.0,205870
2023-07-12 10:55:00+05:30,84.0,84.0999984741211,83.94999694824219,84.0999984741211,NATIONALUM,84.0999984741211,96943
2023-07-12 10:56:00+05:30,84.0,84.0999984741211,84.0,84.0999984741211,NATIONALUM,84.0999984741211,31013
2023-07-12 10:57:00+05:30,84.0,84.0999984741211,83.80000305175781,83.80000305175781,NATIONALUM,83.80000305175781,262042
2023-07-12 10:58:00+05:30,83.80000305175781,83.8499984741211,83.80000305175781,83.80000305175781,NATIONALUM,83.80000305175781,1010
2023-07-12 10:59:00+05:30,83.80000305175781,83.9000015258789,83.75,83.80000305175781,NATIONALUM,83.80000305175781,20047
2023-07-12 11:00:00+05:30,83.80000305175781,83.80000305175781,83.75,83.75,NATIONALUM,83.75,150890
2023-07-12 11:01:00+05:30,83.80000305175781,83.8499984741211,83.75,83.80000305175781,NATIONALUM,83.80000305175781,33900
2023-07-12 11:02:00+05:30,83.75,83.80000305175781,83.75,83.75,NATIONALUM,83.75,96524
2023-07-12 11:03:00+05:30,83.75,83.8499984741211,83.75,83.80000305175781,NATIONALUM,83.80000305175781,136373
2023-07-12 11:04:00+05:30,83.80000305175781,83.8499984741211,83.75,83.8499984741211,NATIONALUM,83.8499984741211,32916
2023-07-12 11:05:00+05:30,83.8499984741211,83.8499984741211,83.80000305175781,83.8499984741211,NATIONALUM,83.8499984741211,144166
2023-07-12 11:06:00+05:30,83.8499984741211,84.0,83.8499984741211,84.0,NATIONALUM,84.0,75917
2023-07-12 11:07:00+05:30,84.0,84.0,83.94999694824219,83.94999694824219,NATIONALUM,83.94999694824219,18105
2023-07-12 11:08:00+05:30,84.0,84.05000305175781,84.0,84.05000305175781,NATIONALUM,84.05000305175781,25912
2023-07-12 11:09:00+05:30,84.05000305175781,84.05000305175781,83.94999694824219,84.0,NATIONALUM,84.0,19102
2023-07-12 11:10:00+05:30,83.94999694824219,83.94999694824219,83.8499984741211,83.9000015258789,NATIONALUM,83.9000015258789,295426
2023-07-12 11:11:00+05:30,84.0,84.0,83.9000015258789,83.94999694824219,NATIONALUM,83.94999694824219,30181
2023-07-12 11:12:00+05:30,83.94999694824219,84.05000305175781,83.94999694824219,84.0,NATIONALUM,84.0,63444
2023-07-12 11:13:00+05:30,84.0,84.0999984741211,84.0,84.0999984741211,NATIONALUM,84.0999984741211,64044
2023-07-12 11:14:00+05:30,84.05000305175781,84.1500015258789,84.05000305175781,84.0999984741211,NATIONALUM,84.0999984741211,45234
2023-07-12 11:15:00+05:30,84.0999984741211,84.1500015258789,84.0999984741211,84.0999984741211,NATIONALUM,84.0999984741211,61910
2023-07-12 11:16:00+05:30,84.1500015258789,84.1500015258789,83.94999694824219,83.94999694824219,NATIONALUM,83.94999694824219,50266
2023-07-12 11:17:00+05:30,84.0,84.0,83.94999694824219,83.94999694824219,NATIONALUM,83.94999694824219,16763
2023-07-12 11:18:00+05:30,83.9000015258789,83.9000015258789,83.8499984741211,83.9000015258789,NATIONALUM,83.9000015258789,8667
2023-07-12 11:19:00+05:30,83.9000015258789,83.9000015258789,83.8499984741211,83.9000015258789,NATIONALUM,83.9000015258789,20485
2023-07-12 11:20:00+05:30,83.9000015258789,84.0,83.9000015258789,83.94999694824219,NATIONALUM,83.94999694824219,22061
2023-07-12 11:21:00+05:30,83.94999694824219,83.94999694824219,83.8499984741211,83.8499984741211,NATIONALUM,83.8499984741211,6137
2023-07-12 11:22:00+05:30,83.8499984741211,83.9000015258789,83.8499984741211,83.9000015258789,NATIONALUM,83.9000015258789,49108
2023-07-12 11:23:00+05:30,83.9000015258789,84.0,83.9000015258789,83.9000015258789,NATIONALUM,83.9000015258789,18703
2023-07-12 11:24:00+05:30,83.9000015258789,84.0,83.9000015258789,84.0,NATIONALUM,84.0,3657
2023-07-12 11:25:00+05:30,84.0,84.0,83.9000015258789,83.94999694824219,NATIONALUM,83.94999694824219,16055
2023-07-12 11:26:00+05:30,84.0,84.0,83.94999694824219,83.94999694824219,NATIONALUM,83.94999694824219,4067
2023-07-12 11:27:00+05:30,83.94999694824219,84.0,83.9000015258789,83.9000015258789,NATIONALUM,83.9000015258789,1385
2023-07-12 11:28:00+05:30,83.9000015258789,84.0,83.9000015258789,83.9000015258789,NATIONALUM,83.9000015258789,746
2023-07-12 11:29:00+05:30,83.9000015258789,84.0,83.9000015258789,83.9000015258789,NATIONALUM,83.9000015258789,4422
2023-07-12 11:30:00+05:30,83.9000015258789,84.0,83.9000015258789,83.9000015258789,NATIONALUM,83.9000015258789,257
2023-07-12 11:31:00+05:30,84.0,84.0,83.9000015258789,83.9000015258789,NATIONALUM,83.9000015258789,6339
2023-07-12 11:32:00+05:30,83.94999694824219,83.94999694824219,83.9000015258789,83.9000015258789,NATIONALUM,83.9000015258789,8833
2023-07-12 11:33:00+05:30,83.8499984741211,83.9000015258789,83.8499984741211,83.9000015258789,NATIONALUM,83.9000015258789,493
2023-07-12 11:34:00+05:30,83.9000015258789,83.9000015258789,83.8499984741211,83.8499984741211,NATIONALUM,83.8499984741211,5608
2023-07-12 11:35:00+05:30,83.8499984741211,83.9000015258789,83.8499984741211,83.9000015258789,NATIONALUM,83.9000015258789,2247
2023-07-12 11:36:00+05:30,83.8499984741211,83.8499984741211,83.8499984741211,83.8499984741211,NATIONALUM,83.8499984741211,2848
2023-07-12 11:37:00+05:30,83.8499984741211,83.9000015258789,83.8499984741211,83.9000015258789,NATIONALUM,83.9000015258789,1201
2023-07-12 11:38:00+05:30,83.8499984741211,83.8499984741211,83.8499984741211,83.8499984741211,NATIONALUM,83.8499984741211,583
2023-07-12 11:39:00+05:30,83.9000015258789,83.9000015258789,83.8499984741211,83.9000015258789,NATIONALUM,83.9000015258789,7859
2023-07-12 11:40:00+05:30,83.8499984741211,83.9000015258789,83.80000305175781,83.80000305175781,NATIONALUM,83.80000305175781,2691
2023-07-12 11:41:00+05:30,83.8499984741211,83.8499984741211,83.80000305175781,83.80000305175781,NATIONALUM,83.80000305175781,6704
2023-07-12 11:42:00+05:30,83.80000305175781,83.80000305175781,83.75,83.80000305175781,NATIONALUM,83.80000305175781,23834
2023-07-12 11:43:00+05:30,83.80000305175781,83.80000305175781,83.80000305175781,83.80000305175781,NATIONALUM,83.80000305175781,4135
2023-07-12 11:44:00+05:30,83.80000305175781,83.80000305175781,83.75,83.75,NATIONALUM,83.75,7568
2023-07-12 11:45:00+05:30,83.80000305175781,83.80000305175781,83.75,83.75,NATIONALUM,83.75,3602
2023-07-12 11:46:00+05:30,83.80000305175781,83.80000305175781,83.75,83.80000305175781,NATIONALUM,83.80000305175781,910
2023-07-12 11:47:00+05:30,83.75,83.80000305175781,83.75,83.80000305175781,NATIONALUM,83.80000305175781,7946
2023-07-12 11:48:00+05:30,83.75,83.75,83.69999694824219,83.75,NATIONALUM,83.75,18945
2023-07-12 11:49:00+05:30,83.69999694824219,83.75,83.69999694824219,83.75,NATIONALUM,83.75,1167
2023-07-12 11:50:00+05:30,83.75,83.8499984741211,83.69999694824219,83.8499984741211,NATIONALUM,83.8499984741211,17713
2023-07-12 11:51:00+05:30,83.80000305175781,83.9000015258789,83.80000305175781,83.9000015258789,NATIONALUM,83.9000015258789,42131
2023-07-12 11:52:00+05:30,83.9000015258789,83.9000015258789,83.8499984741211,83.8499984741211,NATIONALUM,83.8499984741211,1335
2023-07-12 11:53:00+05:30,83.8499984741211,83.8499984741211,83.75,83.75,NATIONALUM,83.75,6541
2023-07-12 11:54:00+05:30,83.80000305175781,83.8499984741211,83.75,83.8499984741211,NATIONALUM,83.8499984741211,178
2023-07-12 11:55:00+05:30,83.8499984741211,83.94999694824219,83.75,83.80000305175781,NATIONALUM,83.80000305175781,99662
2023-07-12 11:56:00+05:30,83.75,83.80000305175781,83.75,83.80000305175781,NATIONALUM,83.80000305175781,142
2023-07-12 11:57:00+05:30,83.75,83.8499984741211,83.75,83.80000305175781,NATIONALUM,83.80000305175781,44983
2023-07-12 11:58:00+05:30,83.80000305175781,83.80000305175781,83.75,83.80000305175781,NATIONALUM,83.80000305175781,22578
2023-07-12 11:59:00+05:30,83.75,83.8499984741211,83.75,83.8499984741211,NATIONALUM,83.8499984741211,19838
2023-07-12 12:00:00+05:30,83.8499984741211,83.8499984741211,83.75,83.80000305175781,NATIONALUM,83.80000305175781,36607
2023-07-12 12:01:00+05:30,83.9000015258789,83.9000015258789,83.80000305175781,83.80000305175781,NATIONALUM,83.80000305175781,5025
2023-07-12 12:02:00+05:30,83.80000305175781,83.8499984741211,83.80000305175781,83.8499984741211,NATIONALUM,83.8499984741211,20798
2023-07-12 12:03:00+05:30,83.8499984741211,83.8499984741211,83.80000305175781,83.8499984741211,NATIONALUM,83.8499984741211,2498
2023-07-12 12:04:00+05:30,83.8499984741211,83.8499984741211,83.80000305175781,83.8499984741211,NATIONALUM,83.8499984741211,1784
2023-07-12 12:05:00+05:30,83.8499984741211,83.8499984741211,83.75,83.80000305175781,NATIONALUM,83.80000305175781,12111
2023-07-12 12:06:00+05:30,83.80000305175781,83.80000305175781,83.75,83.80000305175781,NATIONALUM,83.80000305175781,1450
2023-07-12 12:07:00+05:30,83.80000305175781,83.80000305175781,83.75,83.75,NATIONALUM,83.75,630
2023-07-12 12:08:00+05:30,83.75,83.75,83.75,83.75,NATIONALUM,83.75,9789
2023-07-12 12:09:00+05:30,83.75,83.80000305175781,83.75,83.80000305175781,NATIONALUM,83.80000305175781,7974
2023-07-12 12:10:00+05:30,83.75,83.80000305175781,83.75,83.75,NATIONALUM,83.75,1184
2023-07-12 12:11:00+05:30,83.80000305175781,83.80000305175781,83.75,83.75,NATIONALUM,83.75,1924
2023-07-12 12:12:00+05:30,83.80000305175781,83.80000305175781,83.75,83.80000305175781,NATIONALUM,83.80000305175781,0
2023-07-12 12:13:00+05:30,83.80000305175781,83.80000305175781,83.75,83.80000305175781,NATIONALUM,83.80000305175781,139
2023-07-12 12:14:00+05:30,83.80000305175781,83.80000305175781,83.75,83.75,NATIONALUM,83.75,2435
2023-07-12 12:15:00+05:30,83.80000305175781,83.80000305175781,83.75,83.80000305175781,NATIONALUM,83.80000305175781,4217
2023-07-12 12:16:00+05:30,83.80000305175781,83.80000305175781,83.75,83.75,NATIONALUM,83.75,1488
2023-07-12 12:17:00+05:30,83.80000305175781,83.80000305175781,83.75,83.80000305175781,NATIONALUM,83.80000305175781,2546
2023-07-12 12:18:00+05:30,83.75,83.80000305175781,83.75,83.80000305175781,NATIONALUM,83.80000305175781,5904
2023-07-12 12:19:00+05:30,83.80000305175781,83.80000305175781,83.69999694824219,83.80000305175781,NATIONALUM,83.80000305175781,566
2023-07-12 12:20:00+05:30,83.69999694824219,83.75,83.69999694824219,83.75,NATIONALUM,83.75,10311
2023-07-12 12:21:00+05:30,83.80000305175781,83.80000305175781,83.75,83.80000305175781,NATIONALUM,83.80000305175781,14891
2023-07-12 12:22:00+05:30,83.80000305175781,83.80000305175781,83.80000305175781,83.80000305175781,NATIONALUM,83.80000305175781,1511
2023-07-12 12:23:00+05:30,83.80000305175781,83.8499984741211,83.75,83.80000305175781,NATIONALUM,83.80000305175781,21916
2023-07-12 12:24:00+05:30,83.80000305175781,83.80000305175781,83.75,83.80000305175781,NATIONALUM,83.80000305175781,9816
2023-07-12 12:25:00+05:30,83.75,83.80000305175781,83.69999694824219,83.69999694824219,NATIONALUM,83.69999694824219,2727
2023-07-12 12:26:00+05:30,83.75,83.75,83.6500015258789,83.69999694824219,NATIONALUM,83.69999694824219,13879
2023-07-12 12:27:00+05:30,83.69999694824219,83.75,83.6500015258789,83.69999694824219,NATIONALUM,83.69999694824219,2544
2023-07-12 12:28:00+05:30,83.69999694824219,83.75,83.69999694824219,83.75,NATIONALUM,83.75,1372
2023-07-12 12:29:00+05:30,83.69999694824219,83.75,83.6500015258789,83.6500015258789,NATIONALUM,83.6500015258789,611
2023-07-12 12:30:00+05:30,83.75,83.75,83.6500015258789,83.6500015258789,NATIONALUM,83.6500015258789,3265
2023-07-12 12:31:00+05:30,83.6500015258789,83.69999694824219,83.6500015258789,83.69999694824219,NATIONALUM,83.69999694824219,5720
2023-07-12 12:32:00+05:30,83.5999984741211,83.69999694824219,83.5999984741211,83.69999694824219,NATIONALUM,83.69999694824219,2981
2023-07-12 12:33:00+05:30,83.6500015258789,83.69999694824219,83.6500015258789,83.6500015258789,NATIONALUM,83.6500015258789,560
2023-07-12 12:34:00+05:30,83.6500015258789,83.6500015258789,83.6500015258789,83.6500015258789,NATIONALUM,83.6500015258789,1102
2023-07-12 12:35:00+05:30,83.6500015258789,83.69999694824219,83.6500015258789,83.69999694824219,NATIONALUM,83.69999694824219,9249
2023-07-12 12:36:00+05:30,83.69999694824219,83.69999694824219,83.5999984741211,83.5999984741211,NATIONALUM,83.5999984741211,2534
2023-07-12 12:37:00+05:30,83.5999984741211,83.69999694824219,83.5999984741211,83.6500015258789,NATIONALUM,83.6500015258789,1676
2023-07-12 12:38:00+05:30,83.69999694824219,83.75,83.69999694824219,83.75,NATIONALUM,83.75,5579
2023-07-12 12:39:00+05:30,83.69999694824219,83.75,83.69999694824219,83.69999694824219,NATIONALUM,83.69999694824219,2076
2023-07-12 12:40:00+05:30,83.75,83.80000305175781,83.69999694824219,83.80000305175781,NATIONALUM,83.80000305175781,9116
2023-07-12 12:41:00+05:30,83.80000305175781,83.80000305175781,83.75,83.75,NATIONALUM,83.75,4251
2023-07-12 12:42:00+05:30,83.75,83.80000305175781,83.75,83.80000305175781,NATIONALUM,83.80000305175781,4812
2023-07-12 12:43:00+05:30,83.69999694824219,83.80000305175781,83.69999694824219,83.80000305175781,NATIONALUM,83.80000305175781,284
2023-07-12 12:44:00+05:30,83.80000305175781,83.80000305175781,83.75,83.75,NATIONALUM,83.75,865
2023-07-12 12:45:00+05:30,83.80000305175781,83.80000305175781,83.69999694824219,83.75,NATIONALUM,83.75,1050
2023-07-12 12:46:00+05:30,83.75,83.80000305175781,83.69999694824219,83.75,NATIONALUM,83.75,1072
2023-07-12 12:47:00+05:30,83.69999694824219,83.75,83.69999694824219,83.69999694824219,NATIONALUM,83.69999694824219,1185
2023-07-12 12:48:00+05:30,83.75,83.75,83.75,83.75,NATIONALUM,83.75,0
2023-07-12 12:49:00+05:30,83.75,83.75,83.69999694824219,83.69999694824219,NATIONALUM,83.69999694824219,5372
2023-07-12 12:50:00+05:30,83.75,83.75,83.75,83.75,NATIONALUM,83.75,8
2023-07-12 12:51:00+05:30,83.75,83.75,83.69999694824219,83.75,NATIONALUM,83.75,264
2023-07-12 12:52:00+05:30,83.75,83.75,83.69999694824219,83.75,NATIONALUM,83.75,2775
2023-07-12 12:53:00+05:30,83.69999694824219,83.8499984741211,83.69999694824219,83.8499984741211,NATIONALUM,83.8499984741211,16175
2023-07-12 12:54:00+05:30,83.9000015258789,83.94999694824219,83.9000015258789,83.9000015258789,NATIONALUM,83.9000015258789,22491
2023-07-12 12:55:00+05:30,83.8499984741211,83.94999694824219,83.8499984741211,83.9000015258789,NATIONALUM,83.9000015258789,14991
2023-07-12 12:56:00+05:30,83.94999694824219,84.0,83.94999694824219,84.0,NATIONALUM,84.0,28610
2023-07-12 12:57:00+05:30,84.0,84.0,83.94999694824219,84.0,NATIONALUM,84.0,842
2023-07-12 12:58:00+05:30,83.94999694824219,84.0,83.94999694824219,84.0,NATIONALUM,84.0,1815
2023-07-12 12:59:00+05:30,84.0,84.0,83.94999694824219,84.0,NATIONALUM,84.0,3087
2023-07-12 13:00:00+05:30,83.94999694824219,84.0,83.94999694824219,84.0,NATIONALUM,84.0,6713
2023-07-12 13:01:00+05:30,84.0,84.0,83.94999694824219,84.0,NATIONALUM,84.0,1797
2023-07-12 13:02:00+05:30,83.94999694824219,84.0,83.94999694824219,84.0,NATIONALUM,84.0,2292
2023-07-12 13:03:00+05:30,84.0,84.0,83.9000015258789,83.94999694824219,NATIONALUM,83.94999694824219,4482
2023-07-12 13:04:00+05:30,83.94999694824219,84.0,83.9000015258789,84.0,NATIONALUM,84.0,8282
2023-07-12 13:05:00+05:30,84.0,84.0,83.94999694824219,83.94999694824219,NATIONALUM,83.94999694824219,2306
2023-07-12 13:06:00+05:30,83.9000015258789,83.94999694824219,83.9000015258789,83.94999694824219,NATIONALUM,83.94999694824219,867
2023-07-12 13:07:00+05:30,83.94999694824219,84.0,83.94999694824219,83.94999694824219,NATIONALUM,83.94999694824219,6346
2023-07-12 13:08:00+05:30,84.0,84.05000305175781,83.94999694824219,84.05000305175781,NATIONALUM,84.05000305175781,73159
2023-07-12 13:09:00+05:30,84.0999984741211,84.0999984741211,84.0,84.05000305175781,NATIONALUM,84.05000305175781,5535
2023-07-12 13:10:00+05:30,84.05000305175781,84.05000305175781,84.0,84.05000305175781,NATIONALUM,84.05000305175781,3688
2023-07-12 13:11:00+05:30,84.0,84.05000305175781,84.0,84.05000305175781,NATIONALUM,84.05000305175781,5384
2023-07-12 13:12:00+05:30,84.05000305175781,84.05000305175781,84.0,84.05000305175781,NATIONALUM,84.05000305175781,6424
2023-07-12 13:13:00+05:30,84.0,84.05000305175781,83.94999694824219,83.94999694824219,NATIONALUM,83.94999694824219,4104
2023-07-12 13:14:00+05:30,83.94999694824219,84.0,83.94999694824219,83.94999694824219,NATIONALUM,83.94999694824219,4974
2023-07-12 13:15:00+05:30,84.0,84.0,83.94999694824219,83.94999694824219,NATIONALUM,83.94999694824219,4201
2023-07-12 13:16:00+05:30,83.94999694824219,83.94999694824219,83.9000015258789,83.94999694824219,NATIONALUM,83.94999694824219,11836
2023-07-12 13:17:00+05:30,83.94999694824219,83.94999694824219,83.94999694824219,83.94999694824219,NATIONALUM,83.94999694824219,732
2023-07-12 13:18:00+05:30,83.94999694824219,84.0,83.94999694824219,84.0,NATIONALUM,84.0,1417
2023-07-12 13:19:00+05:30,84.0,84.0,83.9000015258789,83.94999694824219,NATIONALUM,83.94999694824219,12174
2023-07-12 13:20:00+05:30,83.94999694824219,83.94999694824219,83.9000015258789,83.94999694824219,NATIONALUM,83.94999694824219,1246
2023-07-12 13:21:00+05:30,83.9000015258789,83.94999694824219,83.9000015258789,83.94999694824219,NATIONALUM,83.94999694824219,22114
2023-07-12 13:22:00+05:30,83.94999694824219,83.94999694824219,83.9000015258789,83.94999694824219,NATIONALUM,83.94999694824219,2098
2023-07-12 13:23:00+05:30,83.94999694824219,83.94999694824219,83.9000015258789,83.94999694824219,NATIONALUM,83.94999694824219,1849
2023-07-12 13:24:00+05:30,83.94999694824219,84.0,83.9000015258789,84.0,NATIONALUM,84.0,16047
2023-07-12 13:25:00+05:30,84.0,84.0,83.94999694824219,83.94999694824219,NATIONALUM,83.94999694824219,843
2023-07-12 13:26:00+05:30,83.94999694824219,84.0,83.94999694824219,83.94999694824219,NATIONALUM,83.94999694824219,162
2023-07-12 13:27:00+05:30,84.0,84.0,83.94999694824219,84.0,NATIONALUM,84.0,279
2023-07-12 13:28:00+05:30,84.0,84.0,83.94999694824219,83.94999694824219,NATIONALUM,83.94999694824219,6953
2023-07-12 13:29:00+05:30,83.94999694824219,84.0,83.94999694824219,84.0,NATIONALUM,84.0,332
2023-07-12 13:30:00+05:30,84.0,84.0,83.94999694824219,84.0,NATIONALUM,84.0,693
2023-07-12 13:31:00+05:30,84.0,84.0,83.94999694824219,83.94999694824219,NATIONALUM,83.94999694824219,5757
2023-07-12 13:32:00+05:30,83.94999694824219,83.94999694824219,83.9000015258789,83.94999694824219,NATIONALUM,83.94999694824219,357
2023-07-12 13:33:00+05:30,83.94999694824219,83.94999694824219,83.8499984741211,83.8499984741211,NATIONALUM,83.8499984741211,13028
2023-07-12 13:34:00+05:30,83.9000015258789,83.9000015258789,83.8499984741211,83.8499984741211,NATIONALUM,83.8499984741211,743
2023-07-12 13:35:00+05:30,83.8499984741211,83.9000015258789,83.8499984741211,83.9000015258789,NATIONALUM,83.9000015258789,3121
2023-07-12 13:36:00+05:30,83.9000015258789,83.9000015258789,83.8499984741211,83.8499984741211,NATIONALUM,83.8499984741211,11414
2023-07-12 13:37:00+05:30,83.8499984741211,83.9000015258789,83.8499984741211,83.9000015258789,NATIONALUM,83.9000015258789,16329
2023-07-12 13:38:00+05:30,83.9000015258789,83.9000015258789,83.8499984741211,83.8499984741211,NATIONALUM,83.8499984741211,758
2023-07-12 13:39:00+05:30,83.8499984741211,83.9000015258789,83.8499984741211,83.8499984741211,NATIONALUM,83.8499984741211,5186
2023-07-12 13:40:00+05:30,83.9000015258789,83.9000015258789,83.8499984741211,83.8499984741211,NATIONALUM,83.8499984741211,1833
2023-07-12 13:41:00+05:30,83.9000015258789,83.9000015258789,83.8499984741211,83.9000015258789,NATIONALUM,83.9000015258789,520
2023-07-12 13:42:00+05:30,83.9000015258789,83.9000015258789,83.8499984741211,83.9000015258789,NATIONALUM,83.9000015258789,4628
2023-07-12 13:43:00+05:30,83.8499984741211,83.9000015258789,83.8499984741211,83.9000015258789,NATIONALUM,83.9000015258789,9580
2023-07-12 13:44:00+05:30,83.9000015258789,83.9000015258789,83.9000015258789,83.9000015258789,NATIONALUM,83.9000015258789,1769
2023-07-12 13:45:00+05:30,83.8499984741211,83.9000015258789,83.8499984741211,83.9000015258789,NATIONALUM,83.9000015258789,3295
2023-07-12 13:46:00+05:30,83.9000015258789,83.9000015258789,83.8499984741211,83.9000015258789,NATIONALUM,83.9000015258789,1103
2023-07-12 13:47:00+05:30,83.9000015258789,83.94999694824219,83.9000015258789,83.94999694824219,NATIONALUM,83.94999694824219,6181
2023-07-12 13:48:00+05:30,83.9000015258789,83.94999694824219,83.9000015258789,83.94999694824219,NATIONALUM,83.94999694824219,6100
2023-07-12 13:49:00+05:30,83.94999694824219,83.94999694824219,83.8499984741211,83.94999694824219,NATIONALUM,83.94999694824219,3120
2023-07-12 13:50:00+05:30,83.94999694824219,83.94999694824219,83.9000015258789,83.9000015258789,NATIONALUM,83.9000015258789,3208
2023-07-12 13:51:00+05:30,83.94999694824219,84.0,83.94999694824219,84.0,NATIONALUM,84.0,9395
2023-07-12 13:52:00+05:30,83.94999694824219,84.0,83.94999694824219,84.0,NATIONALUM,84.0,2848
2023-07-12 13:53:00+05:30,84.0,84.0,83.94999694824219,83.94999694824219,NATIONALUM,83.94999694824219,3735
2023-07-12 13:54:00+05:30,83.94999694824219,84.0,83.94999694824219,84.0,NATIONALUM,84.0,2974
2023-07-12 13:55:00+05:30,83.94999694824219,84.0,83.94999694824219,84.0,NATIONALUM,84.0,1419
2023-07-12 13:56:00+05:30,83.94999694824219,84.0,83.9000015258789,84.0,NATIONALUM,84.0,9520
2023-07-12 13:57:00+05:30,84.0,84.0,84.0,84.0,NATIONALUM,84.0,4480
2023-07-12 13:58:00+05:30,83.94999694824219,84.0,83.94999694824219,84.0,NATIONALUM,84.0,2672
2023-07-12 13:59:00+05:30,84.0,84.0,83.94999694824219,84.0,NATIONALUM,84.0,0
2023-07-12 14:00:00+05:30,84.0,84.0,83.94999694824219,83.94999694824219,NATIONALUM,83.94999694824219,4229
2023-07-12 14:01:00+05:30,83.9000015258789,84.0,83.9000015258789,84.0,NATIONALUM,84.0,10809
2023-07-12 14:02:00+05:30,84.0,84.0,83.94999694824219,84.0,NATIONALUM,84.0,3743
2023-07-12 14:03:00+05:30,84.0,84.05000305175781,83.94999694824219,84.05000305175781,NATIONALUM,84.05000305175781,12675
2023-07-12 14:04:00+05:30,84.0,84.05000305175781,84.0,84.0,NATIONALUM,84.0,1997
2023-07-12 14:05:00+05:30,84.0,84.0,84.0,84.0,NATIONALUM,84.0,676
2023-07-12 14:06:00+05:30,84.0,84.05000305175781,84.0,84.0,NATIONALUM,84.0,3391
2023-07-12 14:07:00+05:30,84.05000305175781,84.05000305175781,83.94999694824219,83.94999694824219,NATIONALUM,83.94999694824219,14219
2023-07-12 14:08:00+05:30,83.94999694824219,84.0,83.94999694824219,83.94999694824219,NATIONALUM,83.94999694824219,3684
2023-07-12 14:09:00+05:30,84.0,84.0,83.94999694824219,84.0,NATIONALUM,84.0,5132
2023-07-12 14:10:00+05:30,84.0,84.0,83.94999694824219,83.94999694824219,NATIONALUM,83.94999694824219,2389
2023-07-12 14:11:00+05:30,84.0,84.0,83.94999694824219,83.94999694824219,NATIONALUM,83.94999694824219,4834
2023-07-12 14:12:00+05:30,83.94999694824219,84.0,83.94999694824219,84.0,NATIONALUM,84.0,1396
2023-07-12 14:13:00+05:30,83.94999694824219,84.0,83.94999694824219,83.94999694824219,NATIONALUM,83.94999694824219,2111
2023-07-12 14:14:00+05:30,84.0,84.0,83.94999694824219,83.94999694824219,NATIONALUM,83.94999694824219,1769
